allocation_id,transaction_id,allocation_type,applies_to,allocated_amount,allocated_gst,allocated_pst,reporting_category,cra_code,deductible_percentage,deductible_amount,itc_eligible_amount,tax_treatment,notes
alloc-2025-86f973aca9,tx-2025-bank-20250106-e25d5b4283,full,corporate,-2.00,0.00,0.00,tax_payment,,0.00,0.00,0.00,non_deductible,AUTO: heuristic allocation; review GST/PST and category.
alloc-2025-7f73f78bf3,tx-2025-bank-20250107-53a7312e1f,full,corporate,-2100.00,0.00,0.00,office_expenses,8810,100.00,-2100.00,0.00,standard,AUTO: heuristic allocation; review GST/PST and category.
alloc-2025-ca598b5986,tx-2025-bank-20250113-0d3ba02571,full,corporate,4200.00,0.00,0.00,income_or_credit,,0.00,0.00,0.00,standard,AUTO: heuristic allocation; review GST/PST and category.
alloc-2025-df0cf35529,tx-2025-bank-20250115-e634606b63,full,personal,-5000.00,0.00,0.00,shareholder_transfer,,0.00,0.00,0.00,shareholder_loan,AUTO: heuristic allocation; review GST/PST and category.
alloc-2025-0443d3fa67,tx-2025-bank-20250115-16de4289f2,full,corporate,-1947.06,0.00,0.00,balance_transfer,,0.00,0.00,0.00,non_deductible,AUTO: heuristic allocation; review GST/PST and category.
alloc-2025-3599570cc1,tx-2025-bank-20250117-0180d16fa3,full,corporate,4200.00,0.00,0.00,income_or_credit,,0.00,0.00,0.00,standard,AUTO: heuristic allocation; review GST/PST and category.
alloc-2025-68ac71e920,tx-2025-bank-20250117-23de6b197b,full,corporate,2625.00,0.00,0.00,income_or_credit,,0.00,0.00,0.00,standard,AUTO: heuristic allocation; review GST/PST and category.
alloc-2025-9e40bb5389,tx-2025-bank-20250120-004be6daa8,full,corporate,-2100.00,0.00,0.00,office_expenses,8810,100.00,-2100.00,0.00,standard,AUTO: heuristic allocation; review GST/PST and category.
alloc-2025-7ae4736ad2,tx-2025-bank-20250124-a7161d2055,full,corporate,2000.00,0.00,0.00,income_or_credit,,0.00,0.00,0.00,standard,AUTO: heuristic allocation; review GST/PST and category.
alloc-2025-96ab34b284,tx-2025-bank-20250127-4c16005c55,full,corporate,-1400.00,0.00,0.00,tax_payment,,0.00,0.00,0.00,non_deductible,AUTO: heuristic allocation; review GST/PST and category.
alloc-2025-a8f6c627f4,tx-2025-bank-20250131-67e22a8356,full,personal,-3600.00,0.00,0.00,shareholder_transfer,,0.00,0.00,0.00,shareholder_loan,AUTO: heuristic allocation; review GST/PST and category.
alloc-2025-4a00caaad7,tx-2025-bank-20250131-07f4737857,full,personal,2100.00,0.00,0.00,shareholder_transfer,,0.00,0.00,0.00,shareholder_loan,AUTO: heuristic allocation; review GST/PST and category.
alloc-2025-5a11b5fd37,tx-2025-bank-20250131-23fc30d8c0,full,corporate,-2100.00,0.00,0.00,balance_transfer,,0.00,0.00,0.00,non_deductible,AUTO: heuristic allocation; review GST/PST and category.
alloc-2025-224bf56ab4,tx-2025-bank-20250131-ce59bc2c2a,full,corporate,2200.00,0.00,0.00,income_or_credit,,0.00,0.00,0.00,standard,AUTO: heuristic allocation; review GST/PST and category.
alloc-2025-bdc1cabc4d,tx-2025-bank-20250131-132942bcef,full,corporate,-19.00,0.00,0.00,bank_fees,,0.00,0.00,0.00,non_deductible,AUTO: heuristic allocation; review GST/PST and category.
alloc-2025-6f8f7d5cab,tx-2025-bank-20250203-d073c1a1a8,full,personal,-10000.00,0.00,0.00,shareholder_transfer,,0.00,0.00,0.00,shareholder_loan,AUTO: heuristic allocation; review GST/PST and category.
alloc-2025-d27ba5d1a8,tx-2025-bank-20250203-28521912ef,full,corporate,4200.00,0.00,0.00,income_or_credit,,0.00,0.00,0.00,standard,AUTO: heuristic allocation; review GST/PST and category.
alloc-2025-5dcf215122,tx-2025-bank-20250203-625063ab61,full,corporate,-2.00,0.00,0.00,tax_payment,,0.00,0.00,0.00,non_deductible,AUTO: heuristic allocation; review GST/PST and category.
alloc-2025-ee679603d9,tx-2025-bank-20250204-230f4be6d7,full,corporate,-1050.00,0.00,0.00,office_expenses,8810,100.00,-1050.00,0.00,standard,AUTO: heuristic allocation; review GST/PST and category.
alloc-2025-fd188b467e,tx-2025-bank-20250212-b0405c4b73,full,corporate,4200.00,0.00,0.00,income_or_credit,,0.00,0.00,0.00,standard,AUTO: heuristic allocation; review GST/PST and category.
alloc-2025-08ecee19d4,tx-2025-bank-20250212-21a7ae748e,full,corporate,2625.00,0.00,0.00,income_or_credit,,0.00,0.00,0.00,standard,AUTO: heuristic allocation; review GST/PST and category.
alloc-2025-93ad0b9546,tx-2025-bank-20250213-ba5ac4bf6a,full,corporate,4200.00,0.00,0.00,income_or_credit,,0.00,0.00,0.00,standard,AUTO: heuristic allocation; review GST/PST and category.
alloc-2025-c7ddb28fab,tx-2025-bank-20250214-c37a334c75,full,corporate,1575.00,0.00,0.00,income_or_credit,,0.00,0.00,0.00,standard,AUTO: heuristic allocation; review GST/PST and category.
alloc-2025-20cba78aa2,tx-2025-bank-20250218-7d94d71d94,full,personal,-700.00,0.00,0.00,shareholder_transfer,,0.00,0.00,0.00,shareholder_loan,AUTO: heuristic allocation; review GST/PST and category.
alloc-2025-1714fc8d04,tx-2025-bank-20250218-bb644eac3a,full,corporate,-1353.13,0.00,0.00,balance_transfer,,0.00,0.00,0.00,non_deductible,AUTO: heuristic allocation; review GST/PST and category.
alloc-2025-166dfb7352,tx-2025-bank-20250218-53f32d09d8,full,corporate,-2100.00,0.00,0.00,office_expenses,8810,100.00,-2100.00,0.00,standard,AUTO: heuristic allocation; review GST/PST and category.
alloc-2025-7b5847f790,tx-2025-bank-20250224-8f6ca39c01,full,personal,-7300.00,0.00,0.00,shareholder_transfer,,0.00,0.00,0.00,shareholder_loan,AUTO: heuristic allocation; review GST/PST and category.
alloc-2025-02cb928bb5,tx-2025-bank-20250224-fb883b94d2,full,corporate,4200.00,0.00,0.00,income_or_credit,,0.00,0.00,0.00,standard,AUTO: heuristic allocation; review GST/PST and category.
alloc-2025-a3ae3060f7,tx-2025-bank-20250225-c2700d8c8e,full,corporate,-317.55,0.00,0.00,tax_payment,,0.00,0.00,0.00,non_deductible,AUTO: heuristic allocation; review GST/PST and category.
alloc-2025-ece2c5f3bf,tx-2025-bank-20250225-0de7fc474e,full,corporate,-1689.00,0.00,0.00,tax_payment,,0.00,0.00,0.00,non_deductible,AUTO: heuristic allocation; review GST/PST and category.
alloc-2025-de2ffc30c4,tx-2025-bank-20250228-df33c09a7b,full,personal,-2400.00,0.00,0.00,shareholder_transfer,,0.00,0.00,0.00,shareholder_loan,AUTO: heuristic allocation; review GST/PST and category.
alloc-2025-1d65c5f9f6,tx-2025-bank-20250228-bd9eb2567b,full,corporate,-19.00,0.00,0.00,bank_fees,,0.00,0.00,0.00,non_deductible,AUTO: heuristic allocation; review GST/PST and category.
alloc-2025-079d27026a,tx-2025-bank-20250303-d956b02147,full,corporate,-4.00,0.00,0.00,tax_payment,,0.00,0.00,0.00,non_deductible,AUTO: heuristic allocation; review GST/PST and category.
alloc-2025-3d35b8eaae,tx-2025-bank-20250304-9ae5307e27,full,corporate,1575.00,0.00,0.00,income_or_credit,,0.00,0.00,0.00,standard,AUTO: heuristic allocation; review GST/PST and category.
alloc-2025-c1236ea828,tx-2025-bank-20250304-a6830be8e9,full,corporate,-2100.00,0.00,0.00,office_expenses,8810,100.00,-2100.00,0.00,standard,AUTO: heuristic allocation; review GST/PST and category.
alloc-2025-bd5dcb1798,tx-2025-bank-20250307-614a3c10ec,full,corporate,4200.00,0.00,0.00,income_or_credit,,0.00,0.00,0.00,standard,AUTO: heuristic allocation; review GST/PST and category.
alloc-2025-8c09a54731,tx-2025-bank-20250314-e84217e427,full,corporate,4200.00,0.00,0.00,income_or_credit,,0.00,0.00,0.00,standard,AUTO: heuristic allocation; review GST/PST and category.
alloc-2025-7dc746ab3e,tx-2025-bank-20250317-cfcf5603a6,full,corporate,-1768.37,0.00,0.00,balance_transfer,,0.00,0.00,0.00,non_deductible,AUTO: heuristic allocation; review GST/PST and category.
alloc-2025-aa58fe3835,tx-2025-bank-20250317-2c22bcf443,full,corporate,2500.00,0.00,0.00,income_or_credit,,0.00,0.00,0.00,standard,AUTO: heuristic allocation; review GST/PST and category.
alloc-2025-898041118c,tx-2025-bank-20250317-ebac84a34b,full,personal,-10200.00,0.00,0.00,shareholder_transfer,,0.00,0.00,0.00,shareholder_loan,AUTO: heuristic allocation; review GST/PST and category.
alloc-2025-afa273e591,tx-2025-bank-20250317-e52c1843fd,full,corporate,-2100.00,0.00,0.00,office_expenses,8810,100.00,-2100.00,0.00,standard,AUTO: heuristic allocation; review GST/PST and category.
alloc-2025-866d78a597,tx-2025-bank-20250327-c6d028c1d6,full,corporate,2000.00,0.00,0.00,income_or_credit,,0.00,0.00,0.00,standard,AUTO: heuristic allocation; review GST/PST and category.
alloc-2025-ec5beabba6,tx-2025-bank-20250327-ee7c403968,full,corporate,4200.00,0.00,0.00,income_or_credit,,0.00,0.00,0.00,standard,AUTO: heuristic allocation; review GST/PST and category.
alloc-2025-c19078fba3,tx-2025-bank-20250328-f4be85f240,full,corporate,-2700.00,0.00,0.00,tax_payment,,0.00,0.00,0.00,non_deductible,AUTO: heuristic allocation; review GST/PST and category.
alloc-2025-5ee0c965b6,tx-2025-bank-20250331-df892b85f8,full,personal,-2700.00,0.00,0.00,shareholder_transfer,,0.00,0.00,0.00,shareholder_loan,AUTO: heuristic allocation; review GST/PST and category.
alloc-2025-653a059ab2,tx-2025-bank-20250331-21eee55b48,full,corporate,-19.00,0.00,0.00,bank_fees,,0.00,0.00,0.00,non_deductible,AUTO: heuristic allocation; review GST/PST and category.
alloc-2025-a91d9188f6,tx-2025-bank-20250401-7957bb2747,full,corporate,-2.00,0.00,0.00,tax_payment,,0.00,0.00,0.00,non_deductible,AUTO: heuristic allocation; review GST/PST and category.
alloc-2025-624bc263f0,tx-2025-bank-20250404-d79c2a46b8,full,corporate,-2100.00,0.00,0.00,office_expenses,8810,100.00,-2100.00,0.00,standard,AUTO: heuristic allocation; review GST/PST and category.
alloc-2025-78d047b5f9,tx-2025-bank-20250411-a6dc05dbf8,full,corporate,6825.00,0.00,0.00,income_or_credit,,0.00,0.00,0.00,standard,AUTO: heuristic allocation; review GST/PST and category.
alloc-2025-e75106a142,tx-2025-bank-20250411-7e08c95198,full,corporate,4200.00,0.00,0.00,income_or_credit,,0.00,0.00,0.00,standard,AUTO: heuristic allocation; review GST/PST and category.
alloc-2025-ad4069ba24,tx-2025-bank-20250414-232ec9041e,full,personal,-6500.00,0.00,0.00,shareholder_transfer,,0.00,0.00,0.00,shareholder_loan,AUTO: heuristic allocation; review GST/PST and category.
alloc-2025-77be3ce428,tx-2025-bank-20250414-b71a4069c1,full,corporate,-1845.91,0.00,0.00,balance_transfer,,0.00,0.00,0.00,non_deductible,AUTO: heuristic allocation; review GST/PST and category.
alloc-2025-4fb48c0956,tx-2025-bank-20250417-2f774c97f2,full,corporate,-2100.00,0.00,0.00,office_expenses,8810,100.00,-2100.00,0.00,standard,AUTO: heuristic allocation; review GST/PST and category.
alloc-2025-182258c1e8,tx-2025-bank-20250430-b01d4a8fbc,full,corporate,4200.00,0.00,0.00,income_or_credit,,0.00,0.00,0.00,standard,AUTO: heuristic allocation; review GST/PST and category.
alloc-2025-8ca907e4d8,tx-2025-bank-20250430-46615570b4,full,personal,-2100.00,0.00,0.00,shareholder_transfer,,0.00,0.00,0.00,shareholder_loan,AUTO: heuristic allocation; review GST/PST and category.
alloc-2025-e8a0a29d8d,tx-2025-bank-20250430-db49b467af,full,corporate,-19.00,0.00,0.00,bank_fees,,0.00,0.00,0.00,non_deductible,AUTO: heuristic allocation; review GST/PST and category.
alloc-2025-852a1459bf,tx-2025-bank-20250501-b74bfd33f6,full,corporate,-1500.00,0.00,0.00,tax_payment,,0.00,0.00,0.00,non_deductible,AUTO: heuristic allocation; review GST/PST and category.
alloc-2025-4addbaecf1,tx-2025-bank-20250508-7c15a71bd0,full,corporate,-2100.00,0.00,0.00,office_expenses,8810,100.00,-2100.00,0.00,standard,AUTO: heuristic allocation; review GST/PST and category.
alloc-2025-f9278936f2,tx-2025-bank-20250512-7740b3cb62,full,corporate,4200.00,0.00,0.00,income_or_credit,,0.00,0.00,0.00,standard,AUTO: heuristic allocation; review GST/PST and category.
alloc-2025-f44708316e,tx-2025-bank-20250514-e761c50695,full,corporate,4000.00,0.00,0.00,income_or_credit,,0.00,0.00,0.00,standard,AUTO: heuristic allocation; review GST/PST and category.
alloc-2025-b86124dd68,tx-2025-bank-20250514-d1ec4b25e2,full,corporate,787.50,0.00,0.00,income_or_credit,,0.00,0.00,0.00,standard,AUTO: heuristic allocation; review GST/PST and category.
alloc-2025-85a732814d,tx-2025-bank-20250515-1d6609749b,full,personal,-4300.00,0.00,0.00,shareholder_transfer,,0.00,0.00,0.00,shareholder_loan,AUTO: heuristic allocation; review GST/PST and category.
alloc-2025-db82350198,tx-2025-bank-20250515-b6d7151527,full,corporate,-1155.28,0.00,0.00,balance_transfer,,0.00,0.00,0.00,non_deductible,AUTO: heuristic allocation; review GST/PST and category.
alloc-2025-8b8ec829e3,tx-2025-bank-20250520-b87eaa1ac8,full,corporate,-2100.00,0.00,0.00,office_expenses,8810,100.00,-2100.00,0.00,standard,AUTO: heuristic allocation; review GST/PST and category.
alloc-2025-19c309fae5,tx-2025-bank-20250522-d2bdc37597,full,corporate,2825.00,0.00,0.00,income_or_credit,,0.00,0.00,0.00,standard,AUTO: heuristic allocation; review GST/PST and category.
alloc-2025-8922748cd0,tx-2025-bank-20250527-44f3e0b863,full,corporate,4200.00,0.00,0.00,income_or_credit,,0.00,0.00,0.00,standard,AUTO: heuristic allocation; review GST/PST and category.
alloc-2025-424a653c04,tx-2025-bank-20250530-6c48841f6a,full,corporate,-19.00,0.00,0.00,bank_fees,,0.00,0.00,0.00,non_deductible,AUTO: heuristic allocation; review GST/PST and category.
alloc-2025-440b62ae90,tx-2025-bank-20250602-008a75f3ce,full,personal,-2200.00,0.00,0.00,shareholder_transfer,,0.00,0.00,0.00,shareholder_loan,AUTO: heuristic allocation; review GST/PST and category.
alloc-2025-13d4a4a242,tx-2025-bank-20250602-175528eff0,full,corporate,-2100.00,0.00,0.00,office_expenses,8810,100.00,-2100.00,0.00,standard,AUTO: heuristic allocation; review GST/PST and category.
alloc-2025-f33487c7bd,tx-2025-bank-20250602-19544791ca,full,corporate,-2.00,0.00,0.00,tax_payment,,0.00,0.00,0.00,non_deductible,AUTO: heuristic allocation; review GST/PST and category.
alloc-2025-44e055d07b,tx-2025-bank-20250613-580698b625,full,corporate,6825.00,0.00,0.00,income_or_credit,,0.00,0.00,0.00,standard,AUTO: heuristic allocation; review GST/PST and category.
alloc-2025-f1e37818d5,tx-2025-bank-20250613-6d02b69b4a,full,corporate,4200.00,0.00,0.00,income_or_credit,,0.00,0.00,0.00,standard,AUTO: heuristic allocation; review GST/PST and category.
alloc-2025-71d7a44a05,tx-2025-bank-20250616-3fba733bd3,full,personal,-6200.00,0.00,0.00,shareholder_transfer,,0.00,0.00,0.00,shareholder_loan,AUTO: heuristic allocation; review GST/PST and category.
alloc-2025-6c02c21924,tx-2025-bank-20250616-5fa407b98b,full,corporate,-1905.53,0.00,0.00,balance_transfer,,0.00,0.00,0.00,non_deductible,AUTO: heuristic allocation; review GST/PST and category.
alloc-2025-0cbd3bdfb8,tx-2025-bank-20250617-ad1614c7ff,full,corporate,-2100.00,0.00,0.00,office_expenses,8810,100.00,-2100.00,0.00,standard,AUTO: heuristic allocation; review GST/PST and category.
alloc-2025-3099f97a9d,tx-2025-bank-20250623-3a26458440,full,corporate,4200.00,0.00,0.00,income_or_credit,,0.00,0.00,0.00,standard,AUTO: heuristic allocation; review GST/PST and category.
alloc-2025-0def5ca600,tx-2025-bank-20250630-aafb0bc3e6,full,personal,-2300.00,0.00,0.00,shareholder_transfer,,0.00,0.00,0.00,shareholder_loan,AUTO: heuristic allocation; review GST/PST and category.
alloc-2025-f852cedb11,tx-2025-bank-20250630-a50a74862a,full,corporate,2100.00,0.00,0.00,income_or_credit,,0.00,0.00,0.00,standard,AUTO: heuristic allocation; review GST/PST and category.
alloc-2025-f9c143731e,tx-2025-bank-20250630-7ce294e173,full,corporate,-2700.00,0.00,0.00,tax_payment,,0.00,0.00,0.00,non_deductible,AUTO: heuristic allocation; review GST/PST and category.
alloc-2025-872dfdfda7,tx-2025-bank-20250630-4d4e85a6fd,full,corporate,-19.00,0.00,0.00,bank_fees,,0.00,0.00,0.00,non_deductible,AUTO: heuristic allocation; review GST/PST and category.
alloc-2025-78727f36da,tx-2025-bank-20250702-742e6036c9,full,corporate,-2.00,0.00,0.00,tax_payment,,0.00,0.00,0.00,non_deductible,AUTO: heuristic allocation; review GST/PST and category.
alloc-2025-860e6b07d9,tx-2025-bank-20250707-a7849ad1e1,full,corporate,-2100.00,0.00,0.00,office_expenses,8810,100.00,-2100.00,0.00,standard,AUTO: heuristic allocation; review GST/PST and category.
alloc-2025-fa038cf31b,tx-2025-bank-20250714-3ec0ad213c,full,corporate,4200.00,0.00,0.00,income_or_credit,,0.00,0.00,0.00,standard,AUTO: heuristic allocation; review GST/PST and category.
alloc-2025-913b75241f,tx-2025-bank-20250714-c1bd99c707,full,corporate,6825.00,0.00,0.00,income_or_credit,,0.00,0.00,0.00,standard,AUTO: heuristic allocation; review GST/PST and category.
alloc-2025-2ee64747fb,tx-2025-bank-20250715-139697156c,full,personal,-6200.00,0.00,0.00,shareholder_transfer,,0.00,0.00,0.00,shareholder_loan,AUTO: heuristic allocation; review GST/PST and category.
alloc-2025-378f211fb5,tx-2025-bank-20250715-568a4328de,full,corporate,-2027.64,0.00,0.00,balance_transfer,,0.00,0.00,0.00,non_deductible,AUTO: heuristic allocation; review GST/PST and category.
alloc-2025-6817f5aa1c,tx-2025-bank-20250717-4c3528bb15,full,corporate,-2100.00,0.00,0.00,office_expenses,8810,100.00,-2100.00,0.00,standard,AUTO: heuristic allocation; review GST/PST and category.
alloc-2025-247fdb84b9,tx-2025-bank-20250723-dc31fe6bac,full,corporate,4200.00,0.00,0.00,income_or_credit,,0.00,0.00,0.00,standard,AUTO: heuristic allocation; review GST/PST and category.
alloc-2025-5eec1d70ce,tx-2025-bank-20250728-2e1162d81a,full,corporate,-1500.00,0.00,0.00,tax_payment,,0.00,0.00,0.00,non_deductible,AUTO: heuristic allocation; review GST/PST and category.
alloc-2025-5430b7e58b,tx-2025-bank-20250730-051d08f2ca,full,personal,-2900.00,0.00,0.00,shareholder_transfer,,0.00,0.00,0.00,shareholder_loan,AUTO: heuristic allocation; review GST/PST and category.
alloc-2025-758e397086,tx-2025-bank-20250731-de280c02fe,full,corporate,-19.00,0.00,0.00,bank_fees,,0.00,0.00,0.00,non_deductible,AUTO: heuristic allocation; review GST/PST and category.
alloc-2025-0a1e1aa57a,tx-2025-bank-20250801-aaeef6e186,full,corporate,-2.00,0.00,0.00,tax_payment,,0.00,0.00,0.00,non_deductible,AUTO: heuristic allocation; review GST/PST and category.
alloc-2025-0eecf349c0,tx-2025-bank-20250805-d21e50a1d6,full,corporate,-2100.00,0.00,0.00,office_expenses,8810,100.00,-2100.00,0.00,standard,AUTO: heuristic allocation; review GST/PST and category.
alloc-2025-506e1971ce,tx-2025-bank-20250812-2170e7193c,full,corporate,4200.00,0.00,0.00,income_or_credit,,0.00,0.00,0.00,standard,AUTO: heuristic allocation; review GST/PST and category.
alloc-2025-c442507ddb,tx-2025-bank-20250814-df4fad132e,full,corporate,6825.00,0.00,0.00,income_or_credit,,0.00,0.00,0.00,standard,AUTO: heuristic allocation; review GST/PST and category.
alloc-2025-1b2ecfb45c,tx-2025-bank-20250815-f182e1d751,full,corporate,-8100.00,0.00,0.00,balance_transfer,,0.00,0.00,0.00,non_deductible,AUTO: heuristic allocation; review GST/PST and category.
alloc-2025-76fd4466ae,tx-2025-bank-20250815-2b91511e82,full,corporate,-2771.40,0.00,0.00,balance_transfer,,0.00,0.00,0.00,non_deductible,AUTO: heuristic allocation; review GST/PST and category.
alloc-2025-1d51fc0c01,tx-2025-bank-20250818-764a0be6d2,full,corporate,-2100.00,0.00,0.00,office_expenses,8810,100.00,-2100.00,0.00,standard,AUTO: heuristic allocation; review GST/PST and category.
alloc-2025-b4c3ebc205,tx-2025-bank-20250826-b91d5548d6,full,corporate,4200.00,0.00,0.00,income_or_credit,,0.00,0.00,0.00,standard,AUTO: heuristic allocation; review GST/PST and category.
alloc-2025-d1c9c511e9,tx-2025-bank-20250829-efd9feb873,full,corporate,-19.00,0.00,0.00,bank_fees,,0.00,0.00,0.00,non_deductible,AUTO: heuristic allocation; review GST/PST and category.
alloc-2025-aed1612662,tx-2025-bank-20250902-fa67457e2b,full,personal,-2800.00,0.00,0.00,shareholder_transfer,,0.00,0.00,0.00,shareholder_loan,AUTO: heuristic allocation; review GST/PST and category.
alloc-2025-8b1a6b52e8,tx-2025-bank-20250902-6653b01de9,full,corporate,2000.00,0.00,0.00,income_or_credit,,0.00,0.00,0.00,standard,AUTO: heuristic allocation; review GST/PST and category.
alloc-2025-accb236dd8,tx-2025-bank-20250903-755ffac80f,full,corporate,-2730.00,0.00,0.00,office_expenses,8810,100.00,-2730.00,0.00,standard,AUTO: heuristic allocation; review GST/PST and category.
alloc-2025-62126b79dd,tx-2025-bank-20250915-7462873a5f,full,corporate,4200.00,0.00,0.00,income_or_credit,,0.00,0.00,0.00,standard,AUTO: heuristic allocation; review GST/PST and category.
alloc-2025-8303f9d676,tx-2025-bank-20250915-823b9aa63e,full,corporate,6825.00,0.00,0.00,income_or_credit,,0.00,0.00,0.00,standard,AUTO: heuristic allocation; review GST/PST and category.
alloc-2025-55c2a3f174,tx-2025-bank-20250915-84dd056697,full,personal,-5800.00,0.00,0.00,shareholder_transfer,,0.00,0.00,0.00,shareholder_loan,AUTO: heuristic allocation; review GST/PST and category.
alloc-2025-1fbc841ab7,tx-2025-bank-20250915-868f1d1018,full,corporate,-821.84,0.00,0.00,balance_transfer,,0.00,0.00,0.00,non_deductible,AUTO: heuristic allocation; review GST/PST and category.
alloc-2025-fcada3a194,tx-2025-bank-20250916-60063c839a,full,corporate,-2730.00,0.00,0.00,office_expenses,8810,100.00,-2730.00,0.00,standard,AUTO: heuristic allocation; review GST/PST and category.
alloc-2025-969b153f33,tx-2025-bank-20250916-d91be56af9,full,corporate,1187.31,0.00,0.00,income_or_credit,,0.00,0.00,0.00,standard,AUTO: heuristic allocation; review GST/PST and category.
alloc-2025-06c77588d1,tx-2025-bank-20250925-08f2dd0717,full,corporate,-2700.00,0.00,0.00,tax_payment,,0.00,0.00,0.00,non_deductible,AUTO: heuristic allocation; review GST/PST and category.
alloc-2025-b94e7452ff,tx-2025-bank-20250929-322eb13e55,full,corporate,5387.31,0.00,0.00,income_or_credit,,0.00,0.00,0.00,standard,AUTO: heuristic allocation; review GST/PST and category.
alloc-2025-5fa56d18e8,tx-2025-bank-20250929-0ce5601a36,full,personal,-2500.00,0.00,0.00,shareholder_transfer,,0.00,0.00,0.00,shareholder_loan,AUTO: heuristic allocation; review GST/PST and category.
alloc-2025-db244d08e5,tx-2025-bank-20250929-e82bb3de6c,full,corporate,-19.00,0.00,0.00,bank_fees,,0.00,0.00,0.00,non_deductible,AUTO: heuristic allocation; review GST/PST and category.
alloc-2025-6828604c11,tx-2025-bank-20251001-eae56ef984,full,corporate,-2.00,0.00,0.00,tax_payment,,0.00,0.00,0.00,non_deductible,AUTO: heuristic allocation; review GST/PST and category.
alloc-2025-ca6b820576,tx-2025-bank-20251006-ce9377738c,full,corporate,-1680.00,0.00,0.00,office_expenses,8810,100.00,-1680.00,0.00,standard,AUTO: heuristic allocation; review GST/PST and category.
alloc-2025-4d302092ef,tx-2025-bank-20251014-7c8c26fd63,full,corporate,5837.31,0.00,0.00,income_or_credit,,0.00,0.00,0.00,standard,AUTO: heuristic allocation; review GST/PST and category.
alloc-2025-d4bcfef21f,tx-2025-bank-20251014-9c24647edf,full,corporate,6825.00,0.00,0.00,income_or_credit,,0.00,0.00,0.00,standard,AUTO: heuristic allocation; review GST/PST and category.
alloc-2025-30e662680b,tx-2025-bank-20251015-2c86a00f92,full,personal,-7100.00,0.00,0.00,shareholder_transfer,,0.00,0.00,0.00,shareholder_loan,AUTO: heuristic allocation; review GST/PST and category.
alloc-2025-ed37262f51,tx-2025-bank-20251015-42d4e461ff,full,corporate,-1720.02,0.00,0.00,balance_transfer,,0.00,0.00,0.00,non_deductible,AUTO: heuristic allocation; review GST/PST and category.
alloc-2025-f7ad118878,tx-2025-bank-20251016-c1374b9e55,full,corporate,-2415.00,0.00,0.00,office_expenses,8810,100.00,-2415.00,0.00,standard,AUTO: heuristic allocation; review GST/PST and category.
alloc-2025-be599680a7,tx-2025-bank-20251027-e9a15e7b80,full,corporate,5387.31,0.00,0.00,income_or_credit,,0.00,0.00,0.00,standard,AUTO: heuristic allocation; review GST/PST and category.
alloc-2025-8c287bc2fc,tx-2025-bank-20251027-0490906239,full,corporate,-1500.00,0.00,0.00,tax_payment,,0.00,0.00,0.00,non_deductible,AUTO: heuristic allocation; review GST/PST and category.
alloc-2025-6f1350b3b0,tx-2025-bank-20251031-2edbdb9506,full,personal,-2900.00,0.00,0.00,shareholder_transfer,,0.00,0.00,0.00,shareholder_loan,AUTO: heuristic allocation; review GST/PST and category.
alloc-2025-3aa2ec306c,tx-2025-bank-20251031-e8c9073d76,full,corporate,-42.00,0.00,0.00,office_expenses,8810,100.00,-42.00,0.00,standard,AUTO: heuristic allocation; review GST/PST and category.
alloc-2025-846842bb1f,tx-2025-bank-20251031-1ce44ec6b5,full,corporate,-19.00,0.00,0.00,bank_fees,,0.00,0.00,0.00,non_deductible,AUTO: heuristic allocation; review GST/PST and category.
alloc-2025-b562ac1e4a,tx-2025-bank-20251103-dd84691eee,full,corporate,-1365.00,0.00,0.00,office_expenses,8810,100.00,-1365.00,0.00,standard,AUTO: heuristic allocation; review GST/PST and category.
alloc-2025-4b7bd9faf8,tx-2025-bank-20251103-048be8bc66,full,corporate,-2.00,0.00,0.00,tax_payment,,0.00,0.00,0.00,non_deductible,AUTO: heuristic allocation; review GST/PST and category.
alloc-2025-c7bd0c25fa,tx-2025-bank-20251114-a9fa67fec1,full,corporate,3750.00,0.00,0.00,income_or_credit,,0.00,0.00,0.00,standard,AUTO: heuristic allocation; review GST/PST and category.
alloc-2025-84e98ad72e,tx-2025-bank-20251114-2bcbbfc72e,full,corporate,6825.00,0.00,0.00,income_or_credit,,0.00,0.00,0.00,standard,AUTO: heuristic allocation; review GST/PST and category.
alloc-2025-b30726e4e1,tx-2025-bank-20251117-bd0739adb6,full,personal,-6000.00,0.00,0.00,shareholder_transfer,,0.00,0.00,0.00,shareholder_loan,AUTO: heuristic allocation; review GST/PST and category.
alloc-2025-51b310cd2a,tx-2025-bank-20251117-6600798fad,full,corporate,-1352.93,0.00,0.00,balance_transfer,,0.00,0.00,0.00,non_deductible,AUTO: heuristic allocation; review GST/PST and category.
alloc-2025-e24892fb96,tx-2025-bank-20251119-24e4997fa3,full,corporate,-2100.00,0.00,0.00,office_expenses,8810,100.00,-2100.00,0.00,standard,AUTO: heuristic allocation; review GST/PST and category.
alloc-2025-b3b1369bdf,tx-2025-bank-20251128-e1845567f9,full,corporate,4200.00,0.00,0.00,income_or_credit,,0.00,0.00,0.00,standard,AUTO: heuristic allocation; review GST/PST and category.
alloc-2025-15e7602f99,tx-2025-bank-20251128-19caec2546,full,corporate,-19.00,0.00,0.00,bank_fees,,0.00,0.00,0.00,non_deductible,AUTO: heuristic allocation; review GST/PST and category.
alloc-2025-b911663eca,tx-2025-bank-20251201-0004439000,full,personal,-2300.00,0.00,0.00,shareholder_transfer,,0.00,0.00,0.00,shareholder_loan,AUTO: heuristic allocation; review GST/PST and category.
alloc-2025-445fdcb11a,tx-2025-bank-20251202-72ce57b491,full,corporate,-1050.00,0.00,0.00,office_expenses,8810,100.00,-1050.00,0.00,standard,AUTO: heuristic allocation; review GST/PST and category.
alloc-2025-11e000c98c,tx-2025-bank-20251211-8477c0d0e2,full,corporate,4200.00,0.00,0.00,income_or_credit,,0.00,0.00,0.00,standard,AUTO: heuristic allocation; review GST/PST and category.
alloc-2025-fcf7bc6807,tx-2025-bank-20251211-3c8177edcf,full,corporate,6825.00,0.00,0.00,income_or_credit,,0.00,0.00,0.00,standard,AUTO: heuristic allocation; review GST/PST and category.
alloc-2025-98871d8733,tx-2025-bank-20251215-669d80543a,full,personal,-7500.00,0.00,0.00,shareholder_transfer,,0.00,0.00,0.00,shareholder_loan,AUTO: heuristic allocation; review GST/PST and category.
alloc-2025-36caa93e02,tx-2025-bank-20251215-b0f5786852,full,corporate,-1647.41,0.00,0.00,balance_transfer,,0.00,0.00,0.00,non_deductible,AUTO: heuristic allocation; review GST/PST and category.
alloc-2025-6039a44fa1,tx-2025-bank-20251217-27e11b0bd7,full,corporate,-2100.00,0.00,0.00,office_expenses,8810,100.00,-2100.00,0.00,standard,AUTO: heuristic allocation; review GST/PST and category.
alloc-2025-097a658719,tx-2025-bank-20251222-e394389fa0,full,corporate,4200.00,0.00,0.00,income_or_credit,,0.00,0.00,0.00,standard,AUTO: heuristic allocation; review GST/PST and category.
alloc-2025-e1ed32a726,tx-2025-bank-20251229-dd9a84b151,full,corporate,-2700.00,0.00,0.00,tax_payment,,0.00,0.00,0.00,non_deductible,AUTO: heuristic allocation; review GST/PST and category.
alloc-2025-817cf91789,tx-2025-bank-20251230-0ae34fae54,full,personal,-2800.00,0.00,0.00,shareholder_transfer,,0.00,0.00,0.00,shareholder_loan,AUTO: heuristic allocation; review GST/PST and category.
alloc-2025-3956126e4a,tx-2025-bank-20251231-dd9807f884,full,corporate,525.00,0.00,0.00,income_or_credit,,0.00,0.00,0.00,standard,AUTO: heuristic allocation; review GST/PST and category.
alloc-2025-a8f25e1f15,tx-2025-bank-20251231-74ae759703,full,corporate,-19.00,0.00,0.00,bank_fees,,0.00,0.00,0.00,non_deductible,AUTO: heuristic allocation; review GST/PST and category.
alloc-2025-a1fafcac31,tx-2025-cc-20250107-3bdcef8a4f,full,corporate,-17.04,0.00,0.00,office_expenses,8810,100.00,-17.04,0.00,standard,AUTO: heuristic allocation; review GST/PST and category.
alloc-2025-39aa852868,tx-2025-cc-20250107-9d8e7935ac,full,corporate,-12.05,0.00,0.00,office_expenses,8810,100.00,-12.05,0.00,standard,AUTO: heuristic allocation; review GST/PST and category.
alloc-2025-97debc53f3,tx-2025-cc-20250108-cb99d4be4e,full,corporate,-297.22,0.00,0.00,telephone_utilities,9220,100.00,-297.22,0.00,standard,AUTO: heuristic allocation; review GST/PST and category.
alloc-2025-dc1f923b8b,tx-2025-cc-20250113-ee705d2669,full,corporate,-12.99,0.00,0.00,office_expenses,8810,100.00,-12.99,0.00,standard,AUTO: heuristic allocation; review GST/PST and category.
alloc-2025-b50aa8d5ae,tx-2025-cc-20250113-17747b9f7e,full,corporate,-24.60,0.00,0.00,office_expenses,8810,100.00,-24.60,0.00,standard,AUTO: heuristic allocation; review GST/PST and category.
alloc-2025-a3b7c5aae8,tx-2025-cc-20250113-caf0bf7b7f,full,corporate,-8.25,0.00,0.00,travel,9200,100.00,-8.25,0.00,standard,AUTO: heuristic allocation; review GST/PST and category.
alloc-2025-28e79d6709,tx-2025-cc-20250113-17870bb414,full,corporate,-350.49,0.00,0.00,office_expenses,8810,100.00,-350.49,0.00,standard,AUTO: heuristic allocation; review GST/PST and category.
alloc-2025-7c8573e6a3,tx-2025-cc-20250115-d386881f6b,full,corporate,-15.72,0.00,0.00,office_expenses,8810,100.00,-15.72,0.00,standard,AUTO: heuristic allocation; review GST/PST and category.
alloc-2025-41eac8393f,tx-2025-cc-20250115-105de271cf,full,corporate,-30.25,0.00,0.00,office_expenses,8810,100.00,-30.25,0.00,standard,AUTO: heuristic allocation; review GST/PST and category.
alloc-2025-56cd6e025b,tx-2025-cc-20250116-79fae6f8bc,full,corporate,1947.06,0.00,0.00,balance_transfer,,0.00,0.00,0.00,non_deductible,AUTO: heuristic allocation; review GST/PST and category.
alloc-2025-89bd29a8e1,tx-2025-cc-20250122-2180e9a27e,full,corporate,-38.64,0.00,0.00,office_expenses,8810,100.00,-38.64,0.00,standard,AUTO: heuristic allocation; review GST/PST and category.
alloc-2025-838e0168aa,tx-2025-cc-20250123-3e026bfbb6,full,corporate,-17.91,0.00,0.00,office_expenses,8810,100.00,-17.91,0.00,standard,AUTO: heuristic allocation; review GST/PST and category.
alloc-2025-51673c1549,tx-2025-cc-20250127-3da103660b,full,corporate,-20.14,0.00,0.00,office_expenses,8810,100.00,-20.14,0.00,standard,AUTO: heuristic allocation; review GST/PST and category.
alloc-2025-b9bb0cb2ed,tx-2025-cc-20250127-63bda82e4b,full,corporate,-10.62,0.00,0.00,travel,9200,100.00,-10.62,0.00,standard,AUTO: heuristic allocation; review GST/PST and category.
alloc-2025-159ce590cc,tx-2025-cc-20250203-fb912b1203,full,corporate,-10.02,0.00,0.00,office_expenses,8810,100.00,-10.02,0.00,standard,AUTO: heuristic allocation; review GST/PST and category.
alloc-2025-4f1c47ec7d,tx-2025-cc-20250203-4e09ea3a96,full,corporate,-10.02,0.00,0.00,office_expenses,8810,100.00,-10.02,0.00,standard,AUTO: heuristic allocation; review GST/PST and category.
alloc-2025-9f7af883ad,tx-2025-cc-20250203-8307b98281,full,corporate,-10.02,0.00,0.00,office_expenses,8810,100.00,-10.02,0.00,standard,AUTO: heuristic allocation; review GST/PST and category.
alloc-2025-17a36acda2,tx-2025-cc-20250203-b39f531b56,full,corporate,-1.55,0.00,0.00,office_expenses,8810,100.00,-1.55,0.00,standard,AUTO: heuristic allocation; review GST/PST and category.
alloc-2025-609c74a7f9,tx-2025-cc-20250203-30584d879d,full,corporate,-27.96,0.00,0.00,office_expenses,8810,100.00,-27.96,0.00,standard,AUTO: heuristic allocation; review GST/PST and category.
alloc-2025-70abda1b28,tx-2025-cc-20250203-f4e39c8e03,full,corporate,-129.21,0.00,0.00,rental,8910,100.00,-129.21,0.00,standard,AUTO: heuristic allocation; review GST/PST and category.
alloc-2025-11d93a411e,tx-2025-cc-20250204-08cbb8a29d,full,corporate,-95.00,0.00,0.00,office_expenses,8810,100.00,-95.00,0.00,standard,AUTO: heuristic allocation; review GST/PST and category.
alloc-2025-e3a431d9c2,tx-2025-cc-20250205-5c7d3d609e,full,corporate,-40.88,0.00,0.00,office_expenses,8810,100.00,-40.88,0.00,standard,AUTO: heuristic allocation; review GST/PST and category.
alloc-2025-244574bca5,tx-2025-cc-20250207-2864d32e86,full,corporate,-16.90,0.00,0.00,office_expenses,8810,100.00,-16.90,0.00,standard,AUTO: heuristic allocation; review GST/PST and category.
alloc-2025-4993406850,tx-2025-cc-20250210-1ffdcb33a7,full,corporate,-11.97,0.00,0.00,office_expenses,8810,100.00,-11.97,0.00,standard,AUTO: heuristic allocation; review GST/PST and category.
alloc-2025-beaad6bec6,tx-2025-cc-20250210-52444938da,full,corporate,-295.60,0.00,0.00,telephone_utilities,9220,100.00,-295.60,0.00,standard,AUTO: heuristic allocation; review GST/PST and category.
alloc-2025-0839e5d41c,tx-2025-cc-20250210-08f36fa8aa,full,corporate,-14.55,0.00,0.00,office_expenses,8810,100.00,-14.55,0.00,standard,AUTO: heuristic allocation; review GST/PST and category.
alloc-2025-810303e138,tx-2025-cc-20250213-4c98009333,full,corporate,-24.60,0.00,0.00,office_expenses,8810,100.00,-24.60,0.00,standard,AUTO: heuristic allocation; review GST/PST and category.
alloc-2025-e2637f0ae9,tx-2025-cc-20250214-77ce082104,full,corporate,-15.72,0.00,0.00,office_expenses,8810,100.00,-15.72,0.00,standard,AUTO: heuristic allocation; review GST/PST and category.
alloc-2025-5e9ca4dbc6,tx-2025-cc-20250214-8aa99a43ad,full,corporate,-30.25,0.00,0.00,office_expenses,8810,100.00,-30.25,0.00,standard,AUTO: heuristic allocation; review GST/PST and category.
alloc-2025-2cffe82a36,tx-2025-cc-20250218-b2eb4bf917,full,corporate,-260.00,0.00,0.00,office_expenses,8810,100.00,-260.00,0.00,standard,AUTO: heuristic allocation; review GST/PST and category.
alloc-2025-55ff4b83ca,tx-2025-cc-20250218-897ecdace0,full,corporate,-8.49,0.00,0.00,travel,9200,100.00,-8.49,0.00,standard,AUTO: heuristic allocation; review GST/PST and category.
alloc-2025-8dfa8418a7,tx-2025-cc-20250218-1cffd4e21d,full,corporate,-38.78,0.00,0.00,office_expenses,8810,100.00,-38.78,0.00,standard,AUTO: heuristic allocation; review GST/PST and category.
alloc-2025-dc95359889,tx-2025-cc-20250218-dfaab3390d,full,corporate,-138.26,0.00,0.00,office_expenses,8810,100.00,-138.26,0.00,standard,AUTO: heuristic allocation; review GST/PST and category.
alloc-2025-982bc61e50,tx-2025-cc-20250218-5e33e6417b,full,corporate,-12.63,0.00,0.00,travel,9200,100.00,-12.63,0.00,standard,AUTO: heuristic allocation; review GST/PST and category.
alloc-2025-6ade70766c,tx-2025-cc-20250219-e28803e286,full,corporate,-185.00,0.00,0.00,meals_entertainment,8523,50.00,-92.50,0.00,meals_50,AUTO: heuristic allocation; review GST/PST and category.
alloc-2025-e4683c58f2,tx-2025-cc-20250219-5a4f90a1da,full,corporate,1353.13,0.00,0.00,balance_transfer,,0.00,0.00,0.00,non_deductible,AUTO: heuristic allocation; review GST/PST and category.
alloc-2025-b08b0c90e4,tx-2025-cc-20250220-5cef03397c,full,corporate,-137.74,0.00,0.00,office_expenses,8810,100.00,-137.74,0.00,standard,AUTO: heuristic allocation; review GST/PST and category.
alloc-2025-d7d24a1144,tx-2025-cc-20250221-acd1359d95,full,corporate,-302.39,0.00,0.00,office_expenses,8810,100.00,-302.39,0.00,standard,AUTO: heuristic allocation; review GST/PST and category.
alloc-2025-9f0cb19dde,tx-2025-cc-20250224-379f3d253f,full,corporate,-17.91,0.00,0.00,office_expenses,8810,100.00,-17.91,0.00,standard,AUTO: heuristic allocation; review GST/PST and category.
alloc-2025-b008a61176,tx-2025-cc-20250226-000cb90f40,full,corporate,-19.98,0.00,0.00,office_expenses,8810,100.00,-19.98,0.00,standard,AUTO: heuristic allocation; review GST/PST and category.
alloc-2025-a6c6b8bdd0,tx-2025-cc-20250303-fc9cfad444,full,corporate,-8.73,0.00,0.00,travel,9200,100.00,-8.73,0.00,standard,AUTO: heuristic allocation; review GST/PST and category.
alloc-2025-ffb5f1324f,tx-2025-cc-20250303-3ba9810620,full,corporate,-27.79,0.00,0.00,office_expenses,8810,100.00,-27.79,0.00,standard,AUTO: heuristic allocation; review GST/PST and category.
alloc-2025-22516eb04a,tx-2025-cc-20250303-ad2218805c,full,corporate,-10.02,0.00,0.00,office_expenses,8810,100.00,-10.02,0.00,standard,AUTO: heuristic allocation; review GST/PST and category.
alloc-2025-b155d1feda,tx-2025-cc-20250303-aaf0c72f36,full,corporate,-1.56,0.00,0.00,office_expenses,8810,100.00,-1.56,0.00,standard,AUTO: heuristic allocation; review GST/PST and category.
alloc-2025-8e31c58fbf,tx-2025-cc-20250303-90cbb9314c,full,corporate,-10.02,0.00,0.00,office_expenses,8810,100.00,-10.02,0.00,standard,AUTO: heuristic allocation; review GST/PST and category.
alloc-2025-24a0e41491,tx-2025-cc-20250303-9887a1df19,full,corporate,-10.02,0.00,0.00,office_expenses,8810,100.00,-10.02,0.00,standard,AUTO: heuristic allocation; review GST/PST and category.
alloc-2025-0832433cc3,tx-2025-cc-20250303-f97c703682,full,corporate,-129.21,0.00,0.00,rental,8910,100.00,-129.21,0.00,standard,AUTO: heuristic allocation; review GST/PST and category.
alloc-2025-ac75041912,tx-2025-cc-20250305-5c9e87874c,full,corporate,-40.25,0.00,0.00,office_expenses,8810,100.00,-40.25,0.00,standard,AUTO: heuristic allocation; review GST/PST and category.
alloc-2025-d18af22f8c,tx-2025-cc-20250306-51c7a92d63,full,corporate,-19.03,0.00,0.00,office_expenses,8810,100.00,-19.03,0.00,standard,AUTO: heuristic allocation; review GST/PST and category.
alloc-2025-5a888c145a,tx-2025-cc-20250307-e78e93357a,full,corporate,-17.03,0.00,0.00,office_expenses,8810,100.00,-17.03,0.00,standard,AUTO: heuristic allocation; review GST/PST and category.
alloc-2025-fbc929f402,tx-2025-cc-20250307-600aa884c7,full,corporate,-12.04,0.00,0.00,office_expenses,8810,100.00,-12.04,0.00,standard,AUTO: heuristic allocation; review GST/PST and category.
alloc-2025-409cfb22da,tx-2025-cc-20250310-966f265692,full,corporate,-288.84,0.00,0.00,office_expenses,8810,100.00,-288.84,0.00,standard,AUTO: heuristic allocation; review GST/PST and category.
alloc-2025-6fe6c59456,tx-2025-cc-20250310-fe263a3d4f,full,corporate,-14.55,0.00,0.00,office_expenses,8810,100.00,-14.55,0.00,standard,AUTO: heuristic allocation; review GST/PST and category.
alloc-2025-3a4235c43b,tx-2025-cc-20250311-d79ac10158,full,corporate,-308.51,0.00,0.00,telephone_utilities,9220,100.00,-308.51,0.00,standard,AUTO: heuristic allocation; review GST/PST and category.
alloc-2025-9bd13175fd,tx-2025-cc-20250311-16736b10a0,full,corporate,-89.13,0.00,0.00,office_expenses,8810,100.00,-89.13,0.00,standard,AUTO: heuristic allocation; review GST/PST and category.
alloc-2025-2f07a12e7d,tx-2025-cc-20250312-c6503770ae,full,corporate,-24.60,0.00,0.00,office_expenses,8810,100.00,-24.60,0.00,standard,AUTO: heuristic allocation; review GST/PST and category.
alloc-2025-9a12277407,tx-2025-cc-20250314-73b87a8f62,full,corporate,-30.25,0.00,0.00,office_expenses,8810,100.00,-30.25,0.00,standard,AUTO: heuristic allocation; review GST/PST and category.
alloc-2025-4f0ed3524f,tx-2025-cc-20250317-f38663feb3,full,corporate,-15.72,0.00,0.00,office_expenses,8810,100.00,-15.72,0.00,standard,AUTO: heuristic allocation; review GST/PST and category.
alloc-2025-12555afa6f,tx-2025-cc-20250318-94a87f1558,full,corporate,1768.37,0.00,0.00,balance_transfer,,0.00,0.00,0.00,non_deductible,AUTO: heuristic allocation; review GST/PST and category.
alloc-2025-836a7f7435,tx-2025-cc-20250324-c15649109c,full,corporate,-1845.91,0.00,0.00,meals_entertainment,8523,50.00,-922.96,0.00,meals_50,AUTO: heuristic allocation; review GST/PST and category.
alloc-2025-bd190dfe60,tx-2025-cc-20250324-13af802129,full,corporate,-17.91,0.00,0.00,office_expenses,8810,100.00,-17.91,0.00,standard,AUTO: heuristic allocation; review GST/PST and category.
alloc-2025-2ce02320bb,tx-2025-cc-20250324-103f2334a3,full,corporate,-142.12,0.00,0.00,office_expenses,8810,100.00,-142.12,0.00,standard,AUTO: heuristic allocation; review GST/PST and category.
alloc-2025-b2a58542f5,tx-2025-cc-20250326-6ee630348d,full,corporate,-20.11,0.00,0.00,office_expenses,8810,100.00,-20.11,0.00,standard,AUTO: heuristic allocation; review GST/PST and category.
alloc-2025-0517fc6d58,tx-2025-cc-20250331-3df3dd8eae,full,corporate,-403.64,0.00,0.00,office_expenses,8810,100.00,-403.64,0.00,standard,AUTO: heuristic allocation; review GST/PST and category.
alloc-2025-d12fdc2704,tx-2025-cc-20250331-087710cbd2,full,corporate,-9.11,0.00,0.00,travel,9200,100.00,-9.11,0.00,standard,AUTO: heuristic allocation; review GST/PST and category.
alloc-2025-ca6d74f59e,tx-2025-cc-20250402-ca568eda75,full,corporate,-27.64,0.00,0.00,office_expenses,8810,100.00,-27.64,0.00,standard,AUTO: heuristic allocation; review GST/PST and category.
alloc-2025-ab576baeb8,tx-2025-cc-20250402-c619487a8d,full,corporate,-10.02,0.00,0.00,office_expenses,8810,100.00,-10.02,0.00,standard,AUTO: heuristic allocation; review GST/PST and category.
alloc-2025-a1df7b7a26,tx-2025-cc-20250402-71ff41e168,full,corporate,-1.55,0.00,0.00,office_expenses,8810,100.00,-1.55,0.00,standard,AUTO: heuristic allocation; review GST/PST and category.
alloc-2025-8234a6878e,tx-2025-cc-20250402-f2dd43a716,full,corporate,-10.02,0.00,0.00,office_expenses,8810,100.00,-10.02,0.00,standard,AUTO: heuristic allocation; review GST/PST and category.
alloc-2025-658a598436,tx-2025-cc-20250402-b1009238fe,full,corporate,-10.02,0.00,0.00,office_expenses,8810,100.00,-10.02,0.00,standard,AUTO: heuristic allocation; review GST/PST and category.
alloc-2025-ab31f393e4,tx-2025-cc-20250402-629e2c06bc,full,corporate,-129.21,0.00,0.00,rental,8910,100.00,-129.21,0.00,standard,AUTO: heuristic allocation; review GST/PST and category.
alloc-2025-3d1c96b2d5,tx-2025-cc-20250404-8c0746def2,full,corporate,-50.38,0.00,0.00,office_expenses,8810,100.00,-50.38,0.00,standard,AUTO: heuristic allocation; review GST/PST and category.
alloc-2025-dc30b15335,tx-2025-cc-20250407-8254531e62,full,corporate,-42.57,0.00,0.00,office_expenses,8810,100.00,-42.57,0.00,standard,AUTO: heuristic allocation; review GST/PST and category.
alloc-2025-ce8be3d847,tx-2025-cc-20250407-25a1da67a3,full,corporate,-16.52,0.00,0.00,office_expenses,8810,100.00,-16.52,0.00,standard,AUTO: heuristic allocation; review GST/PST and category.
alloc-2025-cf076a1f0b,tx-2025-cc-20250407-b7fde0a1b2,full,corporate,-16.80,0.00,0.00,office_expenses,8810,100.00,-16.80,0.00,standard,AUTO: heuristic allocation; review GST/PST and category.
alloc-2025-bbfdee9a0d,tx-2025-cc-20250407-6d7e22c824,full,corporate,-21.71,0.00,0.00,office_expenses,8810,100.00,-21.71,0.00,standard,AUTO: heuristic allocation; review GST/PST and category.
alloc-2025-b38e5d178f,tx-2025-cc-20250407-7b34aec587,full,corporate,-11.88,0.00,0.00,office_expenses,8810,100.00,-11.88,0.00,standard,AUTO: heuristic allocation; review GST/PST and category.
alloc-2025-f4e622214e,tx-2025-cc-20250408-060c1f51ce,full,corporate,-307.39,0.00,0.00,telephone_utilities,9220,100.00,-307.39,0.00,standard,AUTO: heuristic allocation; review GST/PST and category.
alloc-2025-b0e597c836,tx-2025-cc-20250410-77de35ad90,full,corporate,-14.55,0.00,0.00,office_expenses,8810,100.00,-14.55,0.00,standard,AUTO: heuristic allocation; review GST/PST and category.
alloc-2025-4598f3a210,tx-2025-cc-20250414-e7318b5ced,full,corporate,-24.60,0.00,0.00,office_expenses,8810,100.00,-24.60,0.00,standard,AUTO: heuristic allocation; review GST/PST and category.
alloc-2025-81465a3175,tx-2025-cc-20250414-b322dbd72a,full,corporate,-30.25,0.00,0.00,office_expenses,8810,100.00,-30.25,0.00,standard,AUTO: heuristic allocation; review GST/PST and category.
alloc-2025-49ed733266,tx-2025-cc-20250415-bc86004627,full,corporate,-15.72,0.00,0.00,office_expenses,8810,100.00,-15.72,0.00,standard,AUTO: heuristic allocation; review GST/PST and category.
alloc-2025-90c180c127,tx-2025-cc-20250415-1b15586c1c,full,corporate,1845.91,0.00,0.00,balance_transfer,,0.00,0.00,0.00,non_deductible,AUTO: heuristic allocation; review GST/PST and category.
alloc-2025-c74486fd4d,tx-2025-cc-20250424-de782429df,full,corporate,-94.92,0.00,0.00,office_expenses,8810,100.00,-94.92,0.00,standard,AUTO: heuristic allocation; review GST/PST and category.
alloc-2025-3dbaebe454,tx-2025-cc-20250424-7af895b62f,full,corporate,-17.91,0.00,0.00,office_expenses,8810,100.00,-17.91,0.00,standard,AUTO: heuristic allocation; review GST/PST and category.
alloc-2025-8731ddc5c7,tx-2025-cc-20250428-b43633194c,full,corporate,-19.46,0.00,0.00,office_expenses,8810,100.00,-19.46,0.00,standard,AUTO: heuristic allocation; review GST/PST and category.
alloc-2025-6cd1f92462,tx-2025-cc-20250428-e4efb9f3cf,full,corporate,-15.67,0.00,0.00,office_expenses,8810,100.00,-15.67,0.00,standard,AUTO: heuristic allocation; review GST/PST and category.
alloc-2025-7ab32e5776,tx-2025-cc-20250428-ac7ac94bb1,full,corporate,-147.41,0.00,0.00,meals_entertainment,8523,50.00,-73.70,0.00,meals_50,AUTO: heuristic allocation; review GST/PST and category.
alloc-2025-973855d795,tx-2025-cc-20250502-1ef5793809,full,corporate,-26.61,0.00,0.00,office_expenses,8810,100.00,-26.61,0.00,standard,AUTO: heuristic allocation; review GST/PST and category.
alloc-2025-0e9a716a7f,tx-2025-cc-20250502-c514830fd1,full,corporate,-10.02,0.00,0.00,office_expenses,8810,100.00,-10.02,0.00,standard,AUTO: heuristic allocation; review GST/PST and category.
alloc-2025-a036790793,tx-2025-cc-20250502-57ade6d6e5,full,corporate,-10.02,0.00,0.00,office_expenses,8810,100.00,-10.02,0.00,standard,AUTO: heuristic allocation; review GST/PST and category.
alloc-2025-90ed03373f,tx-2025-cc-20250502-764d8f84c5,full,corporate,-10.02,0.00,0.00,office_expenses,8810,100.00,-10.02,0.00,standard,AUTO: heuristic allocation; review GST/PST and category.
alloc-2025-2f7e47061a,tx-2025-cc-20250502-b062d2ad66,full,corporate,-1.55,0.00,0.00,office_expenses,8810,100.00,-1.55,0.00,standard,AUTO: heuristic allocation; review GST/PST and category.
alloc-2025-e274a153c1,tx-2025-cc-20250502-03c2d5fb98,full,corporate,-129.21,0.00,0.00,rental,8910,100.00,-129.21,0.00,standard,AUTO: heuristic allocation; review GST/PST and category.
alloc-2025-8571911206,tx-2025-cc-20250505-aa9f92d4dd,full,corporate,-215.17,0.00,0.00,office_expenses,8810,100.00,-215.17,0.00,standard,AUTO: heuristic allocation; review GST/PST and category.
alloc-2025-67bc690872,tx-2025-cc-20250505-8450356d2e,full,corporate,-13.02,0.00,0.00,travel,9200,100.00,-13.02,0.00,standard,AUTO: heuristic allocation; review GST/PST and category.
alloc-2025-d0d4fb9893,tx-2025-cc-20250505-539694c42d,full,corporate,-10.56,0.00,0.00,travel,9200,100.00,-10.56,0.00,standard,AUTO: heuristic allocation; review GST/PST and category.
alloc-2025-7c36114d82,tx-2025-cc-20250505-a8f961821f,full,corporate,-41.22,0.00,0.00,office_expenses,8810,100.00,-41.22,0.00,standard,AUTO: heuristic allocation; review GST/PST and category.
alloc-2025-f5ab66a197,tx-2025-cc-20250507-11132ccc0f,full,corporate,-16.32,0.00,0.00,office_expenses,8810,100.00,-16.32,0.00,standard,AUTO: heuristic allocation; review GST/PST and category.
alloc-2025-a51a895885,tx-2025-cc-20250507-3eb0d073f5,full,corporate,-11.54,0.00,0.00,office_expenses,8810,100.00,-11.54,0.00,standard,AUTO: heuristic allocation; review GST/PST and category.
alloc-2025-6864034e59,tx-2025-cc-20250509-ab37028ae8,full,corporate,-594.11,0.00,0.00,telephone_utilities,9220,100.00,-594.11,0.00,standard,AUTO: heuristic allocation; review GST/PST and category.
alloc-2025-a936ab6894,tx-2025-cc-20250512-0a3cc169db,full,corporate,-14.55,0.00,0.00,office_expenses,8810,100.00,-14.55,0.00,standard,AUTO: heuristic allocation; review GST/PST and category.
alloc-2025-439bfb14ef,tx-2025-cc-20250512-9d05937ff4,full,corporate,-120.71,0.00,0.00,office_expenses,8810,100.00,-120.71,0.00,standard,AUTO: heuristic allocation; review GST/PST and category.
alloc-2025-8f924876c9,tx-2025-cc-20250512-5c205afefe,full,corporate,-24.60,0.00,0.00,office_expenses,8810,100.00,-24.60,0.00,standard,AUTO: heuristic allocation; review GST/PST and category.
alloc-2025-22d0d3c750,tx-2025-cc-20250513-2beedf661e,full,corporate,-43.07,0.00,0.00,office_expenses,8810,100.00,-43.07,0.00,standard,AUTO: heuristic allocation; review GST/PST and category.
alloc-2025-64b9a6e71d,tx-2025-cc-20250514-8f4dacf229,full,corporate,-23.51,0.00,0.00,office_expenses,8810,100.00,-23.51,0.00,standard,AUTO: heuristic allocation; review GST/PST and category.
alloc-2025-0246e07184,tx-2025-cc-20250514-b9bc9af294,full,corporate,-62.24,0.00,0.00,office_expenses,8810,100.00,-62.24,0.00,standard,AUTO: heuristic allocation; review GST/PST and category.
alloc-2025-fe3ab80aef,tx-2025-cc-20250514-7b517e7074,full,corporate,-30.25,0.00,0.00,office_expenses,8810,100.00,-30.25,0.00,standard,AUTO: heuristic allocation; review GST/PST and category.
alloc-2025-8c59049b37,tx-2025-cc-20250515-9f09ab352a,full,corporate,-15.72,0.00,0.00,office_expenses,8810,100.00,-15.72,0.00,standard,AUTO: heuristic allocation; review GST/PST and category.
alloc-2025-b2a15eb5e8,tx-2025-cc-20250515-24c41b5611,full,corporate,-21.90,0.00,0.00,office_expenses,8810,100.00,-21.90,0.00,standard,AUTO: heuristic allocation; review GST/PST and category.
alloc-2025-48bed97aa3,tx-2025-cc-20250516-678bbc3f5c,full,corporate,1155.28,0.00,0.00,balance_transfer,,0.00,0.00,0.00,non_deductible,AUTO: heuristic allocation; review GST/PST and category.
alloc-2025-7a716739ca,tx-2025-cc-20250520-785a075e0e,full,corporate,-220.90,0.00,0.00,office_expenses,8810,100.00,-220.90,0.00,standard,AUTO: heuristic allocation; review GST/PST and category.
alloc-2025-d71bba990b,tx-2025-cc-20250520-6b2d8a4933,full,corporate,-8.55,0.00,0.00,travel,9200,100.00,-8.55,0.00,standard,AUTO: heuristic allocation; review GST/PST and category.
alloc-2025-34f5ce6f68,tx-2025-cc-20250522-800ab2fd51,full,corporate,-3.02,0.00,0.00,office_expenses,8810,100.00,-3.02,0.00,standard,AUTO: heuristic allocation; review GST/PST and category.
alloc-2025-a2c243ed0b,tx-2025-cc-20250523-af811cb9d1,full,corporate,-0.42,0.00,0.00,office_expenses,8810,100.00,-0.42,0.00,standard,AUTO: heuristic allocation; review GST/PST and category.
alloc-2025-8604f128e3,tx-2025-cc-20250523-b14c8c6bef,full,corporate,-7.10,0.00,0.00,office_expenses,8810,100.00,-7.10,0.00,standard,AUTO: heuristic allocation; review GST/PST and category.
alloc-2025-73f26f4e81,tx-2025-cc-20250526-37a0b8f5cc,full,corporate,-17.91,0.00,0.00,office_expenses,8810,100.00,-17.91,0.00,standard,AUTO: heuristic allocation; review GST/PST and category.
alloc-2025-922cf5f747,tx-2025-cc-20250526-494d6831d7,full,corporate,-19.41,0.00,0.00,office_expenses,8810,100.00,-19.41,0.00,standard,AUTO: heuristic allocation; review GST/PST and category.
alloc-2025-f899324f11,tx-2025-cc-20250528-f754e0c801,full,corporate,-375.92,0.00,0.00,office_expenses,8810,100.00,-375.92,0.00,standard,AUTO: heuristic allocation; review GST/PST and category.
alloc-2025-35093e4130,tx-2025-cc-20250529-06bfad1652,full,corporate,-11.05,0.00,0.00,travel,9200,100.00,-11.05,0.00,standard,AUTO: heuristic allocation; review GST/PST and category.
alloc-2025-c48d15d666,tx-2025-cc-20250530-8e1bc0c8d2,full,corporate,-8.14,0.00,0.00,travel,9200,100.00,-8.14,0.00,standard,AUTO: heuristic allocation; review GST/PST and category.
alloc-2025-89d305b24e,tx-2025-cc-20250602-492abbe45f,full,corporate,-7.63,0.00,0.00,travel,9200,100.00,-7.63,0.00,standard,AUTO: heuristic allocation; review GST/PST and category.
alloc-2025-06ce8dbb6d,tx-2025-cc-20250602-260611ca5e,full,corporate,-18.81,0.00,0.00,travel,9200,100.00,-18.81,0.00,standard,AUTO: heuristic allocation; review GST/PST and category.
alloc-2025-b26001aa92,tx-2025-cc-20250602-9a5e128871,full,corporate,-20.28,0.00,0.00,travel,9200,100.00,-20.28,0.00,standard,AUTO: heuristic allocation; review GST/PST and category.
alloc-2025-ca04777851,tx-2025-cc-20250602-24c73726fa,full,corporate,-26.56,0.00,0.00,office_expenses,8810,100.00,-26.56,0.00,standard,AUTO: heuristic allocation; review GST/PST and category.
alloc-2025-cfc146db3c,tx-2025-cc-20250602-195460e116,full,corporate,-4.84,0.00,0.00,office_expenses,8810,100.00,-4.84,0.00,standard,AUTO: heuristic allocation; review GST/PST and category.
alloc-2025-2c49a11447,tx-2025-cc-20250602-860b37e83b,full,corporate,-9.88,0.00,0.00,office_expenses,8810,100.00,-9.88,0.00,standard,AUTO: heuristic allocation; review GST/PST and category.
alloc-2025-c2ade58af6,tx-2025-cc-20250602-b8a429edd9,full,corporate,-0.46,0.00,0.00,office_expenses,8810,100.00,-0.46,0.00,standard,AUTO: heuristic allocation; review GST/PST and category.
alloc-2025-0f44d4c52b,tx-2025-cc-20250602-5753a7b4bf,full,corporate,-129.21,0.00,0.00,rental,8910,100.00,-129.21,0.00,standard,AUTO: heuristic allocation; review GST/PST and category.
alloc-2025-9cb78326a5,tx-2025-cc-20250603-5e93570df3,full,corporate,1.97,0.00,0.00,income_or_credit,,0.00,0.00,0.00,standard,AUTO: heuristic allocation; review GST/PST and category.
alloc-2025-0632c8d7db,tx-2025-cc-20250603-13de1831e3,full,corporate,1.97,0.00,0.00,income_or_credit,,0.00,0.00,0.00,standard,AUTO: heuristic allocation; review GST/PST and category.
alloc-2025-78af72d1d6,tx-2025-cc-20250605-9655544efe,full,corporate,-40.86,0.00,0.00,office_expenses,8810,100.00,-40.86,0.00,standard,AUTO: heuristic allocation; review GST/PST and category.
alloc-2025-5e7fb70716,tx-2025-cc-20250609-7f383206ee,full,corporate,-16.12,0.00,0.00,office_expenses,8810,100.00,-16.12,0.00,standard,AUTO: heuristic allocation; review GST/PST and category.
alloc-2025-8c325356d5,tx-2025-cc-20250609-bf2ed75c1f,full,corporate,-11.40,0.00,0.00,office_expenses,8810,100.00,-11.40,0.00,standard,AUTO: heuristic allocation; review GST/PST and category.
alloc-2025-479e98ed02,tx-2025-cc-20250609-a0fa5b4868,full,corporate,-308.63,0.00,0.00,telephone_utilities,9220,100.00,-308.63,0.00,standard,AUTO: heuristic allocation; review GST/PST and category.
alloc-2025-60b369a1fa,tx-2025-cc-20250610-c57878e237,full,corporate,-14.55,0.00,0.00,office_expenses,8810,100.00,-14.55,0.00,standard,AUTO: heuristic allocation; review GST/PST and category.
alloc-2025-054162ee8b,tx-2025-cc-20250611-8447892bf9,full,corporate,-134.96,0.00,0.00,office_expenses,8810,100.00,-134.96,0.00,standard,AUTO: heuristic allocation; review GST/PST and category.
alloc-2025-c3fd368eae,tx-2025-cc-20250612-81abe8f414,full,corporate,-24.60,0.00,0.00,office_expenses,8810,100.00,-24.60,0.00,standard,AUTO: heuristic allocation; review GST/PST and category.
alloc-2025-b1d29c52f9,tx-2025-cc-20250616-c4c2bfde35,full,corporate,-15.72,0.00,0.00,office_expenses,8810,100.00,-15.72,0.00,standard,AUTO: heuristic allocation; review GST/PST and category.
alloc-2025-03e848f077,tx-2025-cc-20250616-61df0199de,full,corporate,-30.25,0.00,0.00,office_expenses,8810,100.00,-30.25,0.00,standard,AUTO: heuristic allocation; review GST/PST and category.
alloc-2025-1d1cb2d640,tx-2025-cc-20250617-c04ab81e37,full,corporate,-50.00,0.00,0.00,office_expenses,8810,100.00,-50.00,0.00,standard,AUTO: heuristic allocation; review GST/PST and category.
alloc-2025-7b4f12725a,tx-2025-cc-20250617-abdf5bca57,full,corporate,1905.53,0.00,0.00,balance_transfer,,0.00,0.00,0.00,non_deductible,AUTO: heuristic allocation; review GST/PST and category.
alloc-2025-7c6fc9556c,tx-2025-cc-20250623-1a41e751ef,full,corporate,-276.25,0.00,0.00,office_expenses,8810,100.00,-276.25,0.00,standard,AUTO: heuristic allocation; review GST/PST and category.
alloc-2025-13f77303b7,tx-2025-cc-20250623-423b4ee7be,full,corporate,-13.19,0.00,0.00,office_expenses,8810,100.00,-13.19,0.00,standard,AUTO: heuristic allocation; review GST/PST and category.
alloc-2025-cb765cc890,tx-2025-cc-20250623-4d2b71bada,full,corporate,-116.76,0.00,0.00,meals_entertainment,8523,50.00,-58.38,0.00,meals_50,AUTO: heuristic allocation; review GST/PST and category.
alloc-2025-be20cf17b6,tx-2025-cc-20250623-43fc62ec2e,full,corporate,-14.96,0.00,0.00,office_expenses,8810,100.00,-14.96,0.00,standard,AUTO: heuristic allocation; review GST/PST and category.
alloc-2025-4366c94494,tx-2025-cc-20250623-68d1a2a745,full,corporate,-17.91,0.00,0.00,office_expenses,8810,100.00,-17.91,0.00,standard,AUTO: heuristic allocation; review GST/PST and category.
alloc-2025-ac883ff277,tx-2025-cc-20250624-d92208187e,full,corporate,-113.61,0.00,0.00,office_expenses,8810,100.00,-113.61,0.00,standard,AUTO: heuristic allocation; review GST/PST and category.
alloc-2025-17c76bb19b,tx-2025-cc-20250624-522eb2f5a3,full,corporate,-79.64,0.00,0.00,office_expenses,8810,100.00,-79.64,0.00,standard,AUTO: heuristic allocation; review GST/PST and category.
alloc-2025-4be3ba9ca9,tx-2025-cc-20250625-6b3caf7d08,full,corporate,-16.51,0.00,0.00,office_expenses,8810,100.00,-16.51,0.00,standard,AUTO: heuristic allocation; review GST/PST and category.
alloc-2025-c29735cf81,tx-2025-cc-20250625-533bfc523f,full,corporate,16.51,0.00,0.00,income_or_credit,,0.00,0.00,0.00,standard,AUTO: heuristic allocation; review GST/PST and category.
alloc-2025-17670680c0,tx-2025-cc-20250626-ed2ce88e87,full,corporate,-8.19,0.00,0.00,travel,9200,100.00,-8.19,0.00,standard,AUTO: heuristic allocation; review GST/PST and category.
alloc-2025-e2f57f433a,tx-2025-cc-20250626-07fe8f55c9,full,corporate,-16.46,0.00,0.00,office_expenses,8810,100.00,-16.46,0.00,standard,AUTO: heuristic allocation; review GST/PST and category.
alloc-2025-f41a1dc11a,tx-2025-cc-20250630-0de982aa90,full,corporate,-7.17,0.00,0.00,office_expenses,8810,100.00,-7.17,0.00,standard,AUTO: heuristic allocation; review GST/PST and category.
alloc-2025-79e78c5b5a,tx-2025-cc-20250630-75e032260e,full,corporate,-168.71,0.00,0.00,office_expenses,8810,100.00,-168.71,0.00,standard,AUTO: heuristic allocation; review GST/PST and category.
alloc-2025-8702a177fb,tx-2025-cc-20250630-a53471b1a2,full,corporate,-9.80,0.00,0.00,travel,9200,100.00,-9.80,0.00,standard,AUTO: heuristic allocation; review GST/PST and category.
alloc-2025-0611d6b803,tx-2025-cc-20250702-f5c88a97de,full,corporate,-26.30,0.00,0.00,office_expenses,8810,100.00,-26.30,0.00,standard,AUTO: heuristic allocation; review GST/PST and category.
alloc-2025-5ea9db9787,tx-2025-cc-20250702-60d5c935f5,full,corporate,-1.49,0.00,0.00,office_expenses,8810,100.00,-1.49,0.00,standard,AUTO: heuristic allocation; review GST/PST and category.
alloc-2025-a746d6c51e,tx-2025-cc-20250702-e7f760bb9a,full,corporate,-21.72,0.00,0.00,office_expenses,8810,100.00,-21.72,0.00,standard,AUTO: heuristic allocation; review GST/PST and category.
alloc-2025-cb85b1ac19,tx-2025-cc-20250702-dc6337e743,full,corporate,-129.21,0.00,0.00,rental,8910,100.00,-129.21,0.00,standard,AUTO: heuristic allocation; review GST/PST and category.
alloc-2025-75254a84d2,tx-2025-cc-20250707-640afc4b55,full,corporate,-40.51,0.00,0.00,office_expenses,8810,100.00,-40.51,0.00,standard,AUTO: heuristic allocation; review GST/PST and category.
alloc-2025-0d1add4764,tx-2025-cc-20250707-353d9ed8cb,full,corporate,-11.15,0.00,0.00,travel,9200,100.00,-11.15,0.00,standard,AUTO: heuristic allocation; review GST/PST and category.
alloc-2025-2a46dbda9a,tx-2025-cc-20250707-a4e6f3e189,full,corporate,-16.05,0.00,0.00,office_expenses,8810,100.00,-16.05,0.00,standard,AUTO: heuristic allocation; review GST/PST and category.
alloc-2025-ada81d42dd,tx-2025-cc-20250707-eb69da6ee1,full,corporate,-20.51,0.00,0.00,travel,9200,100.00,-20.51,0.00,standard,AUTO: heuristic allocation; review GST/PST and category.
alloc-2025-9477e16558,tx-2025-cc-20250707-ef7168997d,full,corporate,-182.04,0.00,0.00,office_expenses,8810,100.00,-182.04,0.00,standard,AUTO: heuristic allocation; review GST/PST and category.
alloc-2025-7f61e04284,tx-2025-cc-20250708-6fa2e137ba,full,corporate,-11.35,0.00,0.00,office_expenses,8810,100.00,-11.35,0.00,standard,AUTO: heuristic allocation; review GST/PST and category.
alloc-2025-7ae1b2fb7a,tx-2025-cc-20250709-a0c17f20d8,full,corporate,-307.39,0.00,0.00,telephone_utilities,9220,100.00,-307.39,0.00,standard,AUTO: heuristic allocation; review GST/PST and category.
alloc-2025-0672db33a5,tx-2025-cc-20250710-ff20b34e1d,full,corporate,-8.19,0.00,0.00,travel,9200,100.00,-8.19,0.00,standard,AUTO: heuristic allocation; review GST/PST and category.
alloc-2025-cee56ec30d,tx-2025-cc-20250711-8ff1767181,full,corporate,-7.67,0.00,0.00,travel,9200,100.00,-7.67,0.00,standard,AUTO: heuristic allocation; review GST/PST and category.
alloc-2025-c17f3fb73f,tx-2025-cc-20250714-dd4ae884e0,full,corporate,-14.55,0.00,0.00,office_expenses,8810,100.00,-14.55,0.00,standard,AUTO: heuristic allocation; review GST/PST and category.
alloc-2025-ef37a98747,tx-2025-cc-20250714-3f61b08fa7,full,corporate,-24.60,0.00,0.00,office_expenses,8810,100.00,-24.60,0.00,standard,AUTO: heuristic allocation; review GST/PST and category.
alloc-2025-56fe4c2b26,tx-2025-cc-20250714-7c95ef8c53,full,corporate,-217.19,0.00,0.00,office_expenses,8810,100.00,-217.19,0.00,standard,AUTO: heuristic allocation; review GST/PST and category.
alloc-2025-ef548af482,tx-2025-cc-20250714-0bd92429dc,full,corporate,-11.98,0.00,0.00,travel,9200,100.00,-11.98,0.00,standard,AUTO: heuristic allocation; review GST/PST and category.
alloc-2025-2ea636fb50,tx-2025-cc-20250714-6970c8ff3c,full,corporate,-30.25,0.00,0.00,office_expenses,8810,100.00,-30.25,0.00,standard,AUTO: heuristic allocation; review GST/PST and category.
alloc-2025-0c0b404ed4,tx-2025-cc-20250715-3a2e78de70,full,corporate,-150.48,0.00,0.00,office_expenses,8810,100.00,-150.48,0.00,standard,AUTO: heuristic allocation; review GST/PST and category.
alloc-2025-160d80d931,tx-2025-cc-20250715-f698e69528,full,corporate,-13.74,0.00,0.00,travel,9200,100.00,-13.74,0.00,standard,AUTO: heuristic allocation; review GST/PST and category.
alloc-2025-434882a1e4,tx-2025-cc-20250715-2060d7c5d8,full,corporate,-14.70,0.00,0.00,travel,9200,100.00,-14.70,0.00,standard,AUTO: heuristic allocation; review GST/PST and category.
alloc-2025-f8cc0515d9,tx-2025-cc-20250716-91c9dd58b7,full,corporate,2027.64,0.00,0.00,balance_transfer,,0.00,0.00,0.00,non_deductible,AUTO: heuristic allocation; review GST/PST and category.
alloc-2025-2338da285a,tx-2025-cc-20250717-853fa2ef5b,full,corporate,-44.89,0.00,0.00,fees_licences,8760,100.00,-44.89,0.00,standard,AUTO: heuristic allocation; review GST/PST and category.
alloc-2025-366da457b4,tx-2025-cc-20250721-1250b7a317,full,corporate,-87.58,0.00,0.00,office_expenses,8810,100.00,-87.58,0.00,standard,AUTO: heuristic allocation; review GST/PST and category.
alloc-2025-456f339d95,tx-2025-cc-20250722-0f35726216,full,corporate,-13.18,0.00,0.00,office_expenses,8810,100.00,-13.18,0.00,standard,AUTO: heuristic allocation; review GST/PST and category.
alloc-2025-0f2eb81059,tx-2025-cc-20250724-ea522fb9ef,full,corporate,-29.95,0.00,0.00,office_expenses,8810,100.00,-29.95,0.00,standard,AUTO: heuristic allocation; review GST/PST and category.
alloc-2025-5d6d144c92,tx-2025-cc-20250724-f273615655,full,corporate,-17.91,0.00,0.00,office_expenses,8810,100.00,-17.91,0.00,standard,AUTO: heuristic allocation; review GST/PST and category.
alloc-2025-d8403c8d3a,tx-2025-cc-20250725-e2921e93a7,full,corporate,-39.18,0.00,0.00,office_expenses,8810,100.00,-39.18,0.00,standard,AUTO: heuristic allocation; review GST/PST and category.
alloc-2025-560afde772,tx-2025-cc-20250728-8454646cc7,full,corporate,-111.89,0.00,0.00,office_expenses,8810,100.00,-111.89,0.00,standard,AUTO: heuristic allocation; review GST/PST and category.
alloc-2025-5cfcfafa0b,tx-2025-cc-20250728-41ee8e008c,full,corporate,-88.84,0.00,0.00,office_expenses,8810,100.00,-88.84,0.00,standard,AUTO: heuristic allocation; review GST/PST and category.
alloc-2025-93aaa7872a,tx-2025-cc-20250730-e87f46ac3f,full,corporate,-95.88,0.00,0.00,office_expenses,8810,100.00,-95.88,0.00,standard,AUTO: heuristic allocation; review GST/PST and category.
alloc-2025-beb2f99118,tx-2025-cc-20250731-88f3bf8972,full,corporate,-59.92,0.00,0.00,office_expenses,8810,100.00,-59.92,0.00,standard,AUTO: heuristic allocation; review GST/PST and category.
alloc-2025-3ffc004444,tx-2025-cc-20250805-ef7c856f8c,full,corporate,-26.61,0.00,0.00,office_expenses,8810,100.00,-26.61,0.00,standard,AUTO: heuristic allocation; review GST/PST and category.
alloc-2025-726cd09ecd,tx-2025-cc-20250805-b0ab342b11,full,corporate,-23.54,0.00,0.00,office_expenses,8810,100.00,-23.54,0.00,standard,AUTO: heuristic allocation; review GST/PST and category.
alloc-2025-ab33faac87,tx-2025-cc-20250805-e510e621a5,full,corporate,-15.03,0.00,0.00,office_expenses,8810,100.00,-15.03,0.00,standard,AUTO: heuristic allocation; review GST/PST and category.
alloc-2025-fe6d5edc11,tx-2025-cc-20250805-b2ddb332fe,full,corporate,-1.47,0.00,0.00,office_expenses,8810,100.00,-1.47,0.00,standard,AUTO: heuristic allocation; review GST/PST and category.
alloc-2025-2045ec85f6,tx-2025-cc-20250805-5c81ce88b4,full,corporate,-129.21,0.00,0.00,rental,8910,100.00,-129.21,0.00,standard,AUTO: heuristic allocation; review GST/PST and category.
alloc-2025-78be27407a,tx-2025-cc-20250805-09744ce85e,full,corporate,-98.18,0.00,0.00,meals_entertainment,8523,50.00,-49.09,0.00,meals_50,AUTO: heuristic allocation; review GST/PST and category.
alloc-2025-65c5569820,tx-2025-cc-20250805-7d0f7c507f,full,corporate,-16.46,0.00,0.00,office_expenses,8810,100.00,-16.46,0.00,standard,AUTO: heuristic allocation; review GST/PST and category.
alloc-2025-2341e62ee6,tx-2025-cc-20250805-42d47cf630,full,corporate,-103.87,0.00,0.00,office_expenses,8810,100.00,-103.87,0.00,standard,AUTO: heuristic allocation; review GST/PST and category.
alloc-2025-ded9479100,tx-2025-cc-20250805-e1f00eafbb,full,corporate,-41.27,0.00,0.00,office_expenses,8810,100.00,-41.27,0.00,standard,AUTO: heuristic allocation; review GST/PST and category.
alloc-2025-c0beee9bba,tx-2025-cc-20250805-bf7f829c11,full,corporate,-275.85,0.00,0.00,meals_entertainment,8523,50.00,-137.92,0.00,meals_50,AUTO: heuristic allocation; review GST/PST and category.
alloc-2025-d4a1a190d0,tx-2025-cc-20250806-00e4687314,full,corporate,-60.73,0.00,0.00,travel,9200,100.00,-60.73,0.00,standard,AUTO: heuristic allocation; review GST/PST and category.
alloc-2025-1512857f5b,tx-2025-cc-20250807-d021fa7d62,full,corporate,-58.65,0.00,0.00,travel,9200,100.00,-58.65,0.00,standard,AUTO: heuristic allocation; review GST/PST and category.
alloc-2025-4d8e9db063,tx-2025-cc-20250807-a191a661c3,full,corporate,-16.27,0.00,0.00,office_expenses,8810,100.00,-16.27,0.00,standard,AUTO: heuristic allocation; review GST/PST and category.
alloc-2025-658e9c5b24,tx-2025-cc-20250807-3c698d63fd,full,corporate,-41.23,0.00,0.00,travel,9200,100.00,-41.23,0.00,standard,AUTO: heuristic allocation; review GST/PST and category.
alloc-2025-b85cd16b32,tx-2025-cc-20250808-ac87ed621d,full,corporate,-307.39,0.00,0.00,telephone_utilities,9220,100.00,-307.39,0.00,standard,AUTO: heuristic allocation; review GST/PST and category.
alloc-2025-ab8e6a65f0,tx-2025-cc-20250808-ee38812a65,full,corporate,-11.51,0.00,0.00,office_expenses,8810,100.00,-11.51,0.00,standard,AUTO: heuristic allocation; review GST/PST and category.
alloc-2025-370de61c7d,tx-2025-cc-20250811-caf3b24e87,full,corporate,-40.40,0.00,0.00,office_expenses,8810,100.00,-40.40,0.00,standard,AUTO: heuristic allocation; review GST/PST and category.
alloc-2025-d462ccb82b,tx-2025-cc-20250811-2cd8a823b9,full,corporate,-1.58,0.00,0.00,office_expenses,8810,100.00,-1.58,0.00,standard,AUTO: heuristic allocation; review GST/PST and category.
alloc-2025-1db6b165b5,tx-2025-cc-20250812-10dfec7662,full,corporate,-14.55,0.00,0.00,office_expenses,8810,100.00,-14.55,0.00,standard,AUTO: heuristic allocation; review GST/PST and category.
alloc-2025-e8a70dcf37,tx-2025-cc-20250812-1abf4b4b23,full,corporate,-24.60,0.00,0.00,office_expenses,8810,100.00,-24.60,0.00,standard,AUTO: heuristic allocation; review GST/PST and category.
alloc-2025-7a9ab6c4c6,tx-2025-cc-20250814-6474c9fa7d,full,corporate,-30.25,0.00,0.00,office_expenses,8810,100.00,-30.25,0.00,standard,AUTO: heuristic allocation; review GST/PST and category.
alloc-2025-0b68f32420,tx-2025-cc-20250814-315fe18e1e,full,corporate,-15.72,0.00,0.00,office_expenses,8810,100.00,-15.72,0.00,standard,AUTO: heuristic allocation; review GST/PST and category.
alloc-2025-71c32b591b,tx-2025-cc-20250818-4ebee08667,full,corporate,-8100.00,0.00,0.00,office_expenses,8810,100.00,-8100.00,0.00,standard,AUTO: heuristic allocation; review GST/PST and category.
alloc-2025-40bcb20678,tx-2025-cc-20250818-bd00d9d72a,full,corporate,8100.00,0.00,0.00,balance_transfer,,0.00,0.00,0.00,non_deductible,AUTO: heuristic allocation; review GST/PST and category.
alloc-2025-79d6a0e77b,tx-2025-cc-20250818-e93cbf1748,full,corporate,2771.40,0.00,0.00,balance_transfer,,0.00,0.00,0.00,non_deductible,AUTO: heuristic allocation; review GST/PST and category.
alloc-2025-3bbc10dc14,tx-2025-cc-20250818-518d74cc8f,full,corporate,-91.00,0.00,0.00,office_expenses,8810,100.00,-91.00,0.00,standard,AUTO: heuristic allocation; review GST/PST and category.
alloc-2025-74f92872b6,tx-2025-cc-20250818-976a96a90f,full,corporate,-10.56,0.00,0.00,travel,9200,100.00,-10.56,0.00,standard,AUTO: heuristic allocation; review GST/PST and category.
alloc-2025-edf0425158,tx-2025-cc-20250818-4e5ccf0fe9,full,corporate,-9.16,0.00,0.00,travel,9200,100.00,-9.16,0.00,standard,AUTO: heuristic allocation; review GST/PST and category.
alloc-2025-5a9dfba14d,tx-2025-cc-20250819-bc1388e366,full,corporate,10.00,0.00,0.00,income_or_credit,,0.00,0.00,0.00,standard,AUTO: heuristic allocation; review GST/PST and category.
alloc-2025-d92461fd09,tx-2025-cc-20250822-7041704afc,full,corporate,-13.35,0.00,0.00,office_expenses,8810,100.00,-13.35,0.00,standard,AUTO: heuristic allocation; review GST/PST and category.
alloc-2025-1d7b22b422,tx-2025-cc-20250825-850bf908d1,full,corporate,-119.78,0.00,0.00,office_expenses,8810,100.00,-119.78,0.00,standard,AUTO: heuristic allocation; review GST/PST and category.
alloc-2025-a3d9518693,tx-2025-cc-20250826-513278f99a,full,corporate,-17.91,0.00,0.00,office_expenses,8810,100.00,-17.91,0.00,standard,AUTO: heuristic allocation; review GST/PST and category.
alloc-2025-73c715d790,tx-2025-cc-20250902-1854c99119,full,corporate,-148.78,0.00,0.00,office_expenses,8810,100.00,-148.78,0.00,standard,AUTO: heuristic allocation; review GST/PST and category.
alloc-2025-7ffe92f2fb,tx-2025-cc-20250902-db0c7e580b,full,corporate,-26.46,0.00,0.00,office_expenses,8810,100.00,-26.46,0.00,standard,AUTO: heuristic allocation; review GST/PST and category.
alloc-2025-498c57e19e,tx-2025-cc-20250902-7921a40d5a,full,corporate,-23.54,0.00,0.00,office_expenses,8810,100.00,-23.54,0.00,standard,AUTO: heuristic allocation; review GST/PST and category.
alloc-2025-1d68b57606,tx-2025-cc-20250902-699ab52c90,full,corporate,-17.40,0.00,0.00,office_expenses,8810,100.00,-17.40,0.00,standard,AUTO: heuristic allocation; review GST/PST and category.
alloc-2025-8efa2da017,tx-2025-cc-20250902-8ec84e1b2c,full,corporate,-1.49,0.00,0.00,office_expenses,8810,100.00,-1.49,0.00,standard,AUTO: heuristic allocation; review GST/PST and category.
alloc-2025-deaa6e34de,tx-2025-cc-20250902-a414e913f6,full,corporate,-129.21,0.00,0.00,rental,8910,100.00,-129.21,0.00,standard,AUTO: heuristic allocation; review GST/PST and category.
alloc-2025-50e5429072,tx-2025-cc-20250904-ba5285b937,full,corporate,-21.72,0.00,0.00,office_expenses,8810,100.00,-21.72,0.00,standard,AUTO: heuristic allocation; review GST/PST and category.
alloc-2025-3e5af28542,tx-2025-cc-20250905-10959097fd,full,corporate,-41.05,0.00,0.00,office_expenses,8810,100.00,-41.05,0.00,standard,AUTO: heuristic allocation; review GST/PST and category.
alloc-2025-96d5a0b71a,tx-2025-cc-20250905-9e99b7c1b3,full,corporate,-10.00,0.00,0.00,office_expenses,8810,100.00,-10.00,0.00,standard,AUTO: heuristic allocation; review GST/PST and category.
alloc-2025-be9ad6ea01,tx-2025-cc-20250905-6094fd2917,full,corporate,-1.43,0.00,0.00,office_expenses,8810,100.00,-1.43,0.00,standard,AUTO: heuristic allocation; review GST/PST and category.
alloc-2025-b32816210f,tx-2025-cc-20250905-004aa02ac2,full,corporate,-149.00,0.00,0.00,office_expenses,8810,100.00,-149.00,0.00,standard,AUTO: heuristic allocation; review GST/PST and category.
alloc-2025-b93b845220,tx-2025-cc-20250908-e09e767487,full,corporate,-20.10,0.00,0.00,travel,9200,100.00,-20.10,0.00,standard,AUTO: heuristic allocation; review GST/PST and category.
alloc-2025-690beb4d15,tx-2025-cc-20250908-e4693539a4,full,corporate,-98.94,0.00,0.00,office_expenses,8810,100.00,-98.94,0.00,standard,AUTO: heuristic allocation; review GST/PST and category.
alloc-2025-76a9d861b4,tx-2025-cc-20250908-7a5b17d3d2,full,corporate,-495.55,0.00,0.00,telephone_utilities,9220,100.00,-495.55,0.00,standard,AUTO: heuristic allocation; review GST/PST and category.
alloc-2025-c83a0b6284,tx-2025-cc-20250909-948e33af5c,full,corporate,-95.46,0.00,0.00,office_expenses,8810,100.00,-95.46,0.00,standard,AUTO: heuristic allocation; review GST/PST and category.
alloc-2025-26088030a2,tx-2025-cc-20250912-b7741d9f33,full,corporate,-14.55,0.00,0.00,office_expenses,8810,100.00,-14.55,0.00,standard,AUTO: heuristic allocation; review GST/PST and category.
alloc-2025-399774ebe7,tx-2025-cc-20250912-5bd50a4643,full,corporate,-24.60,0.00,0.00,office_expenses,8810,100.00,-24.60,0.00,standard,AUTO: heuristic allocation; review GST/PST and category.
alloc-2025-219b9113ac,tx-2025-cc-20250912-f7ce4a3df6,full,corporate,-16.05,0.00,0.00,office_expenses,8810,100.00,-16.05,0.00,standard,AUTO: heuristic allocation; review GST/PST and category.
alloc-2025-a0dcb1ffcf,tx-2025-cc-20250915-5265932611,full,corporate,-30.25,0.00,0.00,office_expenses,8810,100.00,-30.25,0.00,standard,AUTO: heuristic allocation; review GST/PST and category.
alloc-2025-9b99020b0d,tx-2025-cc-20250916-35f1313a3f,full,corporate,-8.19,0.00,0.00,travel,9200,100.00,-8.19,0.00,standard,AUTO: heuristic allocation; review GST/PST and category.
alloc-2025-8bf4ff6542,tx-2025-cc-20250916-5d461c7db5,full,corporate,821.84,0.00,0.00,balance_transfer,,0.00,0.00,0.00,non_deductible,AUTO: heuristic allocation; review GST/PST and category.
alloc-2025-1a2108efe7,tx-2025-cc-20250919-1c19f3aac5,full,corporate,-16.08,0.00,0.00,office_expenses,8810,100.00,-16.08,0.00,standard,AUTO: heuristic allocation; review GST/PST and category.
alloc-2025-2be40b5b93,tx-2025-cc-20250919-8d32093d1a,full,corporate,-151.92,0.00,0.00,office_expenses,8810,100.00,-151.92,0.00,standard,AUTO: heuristic allocation; review GST/PST and category.
alloc-2025-e806d32069,tx-2025-cc-20250922-5ec3af2558,full,corporate,-13.26,0.00,0.00,office_expenses,8810,100.00,-13.26,0.00,standard,AUTO: heuristic allocation; review GST/PST and category.
alloc-2025-275323b6ea,tx-2025-cc-20250923-f4e9ea2b65,full,corporate,-74.98,0.00,0.00,meals_entertainment,8523,50.00,-37.49,0.00,meals_50,AUTO: heuristic allocation; review GST/PST and category.
alloc-2025-7ac4b110f8,tx-2025-cc-20250924-4436615faf,full,corporate,-17.91,0.00,0.00,office_expenses,8810,100.00,-17.91,0.00,standard,AUTO: heuristic allocation; review GST/PST and category.
alloc-2025-c978c5ce45,tx-2025-cc-20250925-89aa7886f1,full,corporate,-57.26,0.00,0.00,office_expenses,8810,100.00,-57.26,0.00,standard,AUTO: heuristic allocation; review GST/PST and category.
alloc-2025-cbf7d69596,tx-2025-cc-20250929-15e5cff144,full,corporate,-67.69,0.00,0.00,office_expenses,8810,100.00,-67.69,0.00,standard,AUTO: heuristic allocation; review GST/PST and category.
alloc-2025-56e5f15d1e,tx-2025-cc-20251001-284cbd7a5e,full,corporate,-58.92,0.00,0.00,office_expenses,8810,100.00,-58.92,0.00,standard,AUTO: heuristic allocation; review GST/PST and category.
alloc-2025-63c1060711,tx-2025-cc-20251001-a1431bb3d3,full,corporate,-26.76,0.00,0.00,office_expenses,8810,100.00,-26.76,0.00,standard,AUTO: heuristic allocation; review GST/PST and category.
alloc-2025-516c7db8ac,tx-2025-cc-20251002-e36bb5fcd1,full,corporate,-23.54,0.00,0.00,office_expenses,8810,100.00,-23.54,0.00,standard,AUTO: heuristic allocation; review GST/PST and category.
alloc-2025-54ad09d52c,tx-2025-cc-20251002-b424bb24c7,full,corporate,-8.62,0.00,0.00,office_expenses,8810,100.00,-8.62,0.00,standard,AUTO: heuristic allocation; review GST/PST and category.
alloc-2025-eb84202e1d,tx-2025-cc-20251002-0e8bd8030d,full,corporate,-1.50,0.00,0.00,office_expenses,8810,100.00,-1.50,0.00,standard,AUTO: heuristic allocation; review GST/PST and category.
alloc-2025-0094b7fc57,tx-2025-cc-20251002-e20b16da53,full,corporate,-129.21,0.00,0.00,rental,8910,100.00,-129.21,0.00,standard,AUTO: heuristic allocation; review GST/PST and category.
alloc-2025-49ead5560d,tx-2025-cc-20251003-7d9cad875c,full,corporate,-67.88,0.00,0.00,office_expenses,8810,100.00,-67.88,0.00,standard,AUTO: heuristic allocation; review GST/PST and category.
alloc-2025-1d9411fb26,tx-2025-cc-20251006-a0f5c701bd,full,corporate,-107.50,0.00,0.00,office_expenses,8810,100.00,-107.50,0.00,standard,AUTO: heuristic allocation; review GST/PST and category.
alloc-2025-60928712ca,tx-2025-cc-20251006-8e79225196,full,corporate,-41.53,0.00,0.00,office_expenses,8810,100.00,-41.53,0.00,standard,AUTO: heuristic allocation; review GST/PST and category.
alloc-2025-bd833c32c0,tx-2025-cc-20251006-89fa5264db,full,corporate,-0.58,0.00,0.00,office_expenses,8810,100.00,-0.58,0.00,standard,AUTO: heuristic allocation; review GST/PST and category.
alloc-2025-f46024a734,tx-2025-cc-20251007-d95ff9dc74,full,corporate,-19.40,0.00,0.00,office_expenses,8810,100.00,-19.40,0.00,standard,AUTO: heuristic allocation; review GST/PST and category.
alloc-2025-96e3c98ddd,tx-2025-cc-20251008-cfacf0f13a,full,corporate,-11.64,0.00,0.00,office_expenses,8810,100.00,-11.64,0.00,standard,AUTO: heuristic allocation; review GST/PST and category.
alloc-2025-0f472925d6,tx-2025-cc-20251009-ea34a36fab,full,corporate,-96.20,0.00,0.00,office_expenses,8810,100.00,-96.20,0.00,standard,AUTO: heuristic allocation; review GST/PST and category.
alloc-2025-6f219774fd,tx-2025-cc-20251009-c04164b019,full,corporate,-307.39,0.00,0.00,telephone_utilities,9220,100.00,-307.39,0.00,standard,AUTO: heuristic allocation; review GST/PST and category.
alloc-2025-6460b6a379,tx-2025-cc-20251014-5bbee57521,full,corporate,-14.55,0.00,0.00,office_expenses,8810,100.00,-14.55,0.00,standard,AUTO: heuristic allocation; review GST/PST and category.
alloc-2025-5fad311d8a,tx-2025-cc-20251014-2b8ca9419b,full,corporate,-24.60,0.00,0.00,office_expenses,8810,100.00,-24.60,0.00,standard,AUTO: heuristic allocation; review GST/PST and category.
alloc-2025-9aa6708600,tx-2025-cc-20251014-13e1982ac0,full,corporate,-124.74,0.00,0.00,office_expenses,8810,100.00,-124.74,0.00,standard,AUTO: heuristic allocation; review GST/PST and category.
alloc-2025-32188771ca,tx-2025-cc-20251014-44f5eb7b69,full,corporate,-12.78,0.00,0.00,office_expenses,8810,100.00,-12.78,0.00,standard,AUTO: heuristic allocation; review GST/PST and category.
alloc-2025-8754ad74a0,tx-2025-cc-20251014-b493f852e8,full,corporate,-30.25,0.00,0.00,office_expenses,8810,100.00,-30.25,0.00,standard,AUTO: heuristic allocation; review GST/PST and category.
alloc-2025-4171e978d4,tx-2025-cc-20251016-cff1ffe69e,full,corporate,1720.02,0.00,0.00,balance_transfer,,0.00,0.00,0.00,non_deductible,AUTO: heuristic allocation; review GST/PST and category.
alloc-2025-14d16f566f,tx-2025-cc-20251020-aaea5584fc,full,corporate,-16.41,0.00,0.00,office_expenses,8810,100.00,-16.41,0.00,standard,AUTO: heuristic allocation; review GST/PST and category.
alloc-2025-10a0366191,tx-2025-cc-20251021-b5925d9b68,full,corporate,-230.00,0.00,0.00,meals_entertainment,8523,50.00,-115.00,0.00,meals_50,AUTO: heuristic allocation; review GST/PST and category.
alloc-2025-b1c944b908,tx-2025-cc-20251021-57ce26e7af,full,corporate,-13.10,0.00,0.00,travel,9200,100.00,-13.10,0.00,standard,AUTO: heuristic allocation; review GST/PST and category.
alloc-2025-d5ef835a13,tx-2025-cc-20251021-5500e51bb3,full,corporate,-14.57,0.00,0.00,travel,9200,100.00,-14.57,0.00,standard,AUTO: heuristic allocation; review GST/PST and category.
alloc-2025-c6104f5cfb,tx-2025-cc-20251021-9d457d1477,full,corporate,-14.57,0.00,0.00,travel,9200,100.00,-14.57,0.00,standard,AUTO: heuristic allocation; review GST/PST and category.
alloc-2025-459f74ea56,tx-2025-cc-20251022-ab13e43ccb,full,corporate,-13.50,0.00,0.00,office_expenses,8810,100.00,-13.50,0.00,standard,AUTO: heuristic allocation; review GST/PST and category.
alloc-2025-46e96c28a2,tx-2025-cc-20251024-1bbffe0ffa,full,corporate,-17.91,0.00,0.00,office_expenses,8810,100.00,-17.91,0.00,standard,AUTO: heuristic allocation; review GST/PST and category.
alloc-2025-95b08a8f63,tx-2025-cc-20251027-f76982e526,full,corporate,-28.06,0.00,0.00,office_expenses,8810,100.00,-28.06,0.00,standard,AUTO: heuristic allocation; review GST/PST and category.
alloc-2025-936849929b,tx-2025-cc-20251027-1093e6235e,full,corporate,-8.95,0.00,0.00,travel,9200,100.00,-8.95,0.00,standard,AUTO: heuristic allocation; review GST/PST and category.
alloc-2025-1f0ce7766a,tx-2025-cc-20251103-0a42557282,full,corporate,-26.95,0.00,0.00,office_expenses,8810,100.00,-26.95,0.00,standard,AUTO: heuristic allocation; review GST/PST and category.
alloc-2025-b9e43eccd0,tx-2025-cc-20251103-d042182ab6,full,corporate,-23.54,0.00,0.00,office_expenses,8810,100.00,-23.54,0.00,standard,AUTO: heuristic allocation; review GST/PST and category.
alloc-2025-957e8a0bad,tx-2025-cc-20251103-5ce6089dcb,full,corporate,-84.85,0.00,0.00,office_expenses,8810,100.00,-84.85,0.00,standard,AUTO: heuristic allocation; review GST/PST and category.
alloc-2025-b5fec102e1,tx-2025-cc-20251103-179b02f8ea,full,corporate,-1.87,0.00,0.00,office_expenses,8810,100.00,-1.87,0.00,standard,AUTO: heuristic allocation; review GST/PST and category.
alloc-2025-97dd5dc067,tx-2025-cc-20251103-995e997c3d,full,corporate,-8.69,0.00,0.00,office_expenses,8810,100.00,-8.69,0.00,standard,AUTO: heuristic allocation; review GST/PST and category.
alloc-2025-b9aae880c1,tx-2025-cc-20251103-6931395290,full,corporate,-129.21,0.00,0.00,rental,8910,100.00,-129.21,0.00,standard,AUTO: heuristic allocation; review GST/PST and category.
alloc-2025-cf598c2b69,tx-2025-cc-20251103-3d8f31e90a,full,corporate,-18.90,0.00,0.00,travel,9200,100.00,-18.90,0.00,standard,AUTO: heuristic allocation; review GST/PST and category.
alloc-2025-e455d1d252,tx-2025-cc-20251105-39ada27e97,full,corporate,-44.58,0.00,0.00,office_expenses,8810,100.00,-44.58,0.00,standard,AUTO: heuristic allocation; review GST/PST and category.
alloc-2025-c38b610940,tx-2025-cc-20251107-7ddf761e0b,full,corporate,-11.79,0.00,0.00,office_expenses,8810,100.00,-11.79,0.00,standard,AUTO: heuristic allocation; review GST/PST and category.
alloc-2025-71fd3210dc,tx-2025-cc-20251107-b5576d44a4,full,corporate,-19.59,0.00,0.00,office_expenses,8810,100.00,-19.59,0.00,standard,AUTO: heuristic allocation; review GST/PST and category.
alloc-2025-6a85282d39,tx-2025-cc-20251110-03ad03b45e,full,corporate,-307.39,0.00,0.00,telephone_utilities,9220,100.00,-307.39,0.00,standard,AUTO: heuristic allocation; review GST/PST and category.
alloc-2025-36ccfd7bab,tx-2025-cc-20251110-c919a83577,full,corporate,-97.32,0.00,0.00,office_expenses,8810,100.00,-97.32,0.00,standard,AUTO: heuristic allocation; review GST/PST and category.
alloc-2025-9f78caead0,tx-2025-cc-20251112-7eda734227,full,corporate,-24.60,0.00,0.00,office_expenses,8810,100.00,-24.60,0.00,standard,AUTO: heuristic allocation; review GST/PST and category.
alloc-2025-cdd67f3038,tx-2025-cc-20251112-315c0a301a,full,corporate,-14.55,0.00,0.00,office_expenses,8810,100.00,-14.55,0.00,standard,AUTO: heuristic allocation; review GST/PST and category.
alloc-2025-5a49db0d5e,tx-2025-cc-20251114-ff23c2fd0a,full,corporate,-25.40,0.00,0.00,office_expenses,8810,100.00,-25.40,0.00,standard,AUTO: heuristic allocation; review GST/PST and category.
alloc-2025-c16b8f1df6,tx-2025-cc-20251114-9e27865106,full,corporate,-15.72,0.00,0.00,office_expenses,8810,100.00,-15.72,0.00,standard,AUTO: heuristic allocation; review GST/PST and category.
alloc-2025-6351f16939,tx-2025-cc-20251117-601b981047,full,corporate,-200.00,0.00,0.00,office_expenses,8810,100.00,-200.00,0.00,standard,AUTO: heuristic allocation; review GST/PST and category.
alloc-2025-27f3983aa0,tx-2025-cc-20251117-d10ffef0ef,full,corporate,-10.97,0.00,0.00,travel,9200,100.00,-10.97,0.00,standard,AUTO: heuristic allocation; review GST/PST and category.
alloc-2025-533293aae9,tx-2025-cc-20251118-ba2f2b94d4,full,corporate,-16.39,0.00,0.00,office_expenses,8810,100.00,-16.39,0.00,standard,AUTO: heuristic allocation; review GST/PST and category.
alloc-2025-df03917599,tx-2025-cc-20251118-529f1349d8,full,corporate,1352.93,0.00,0.00,balance_transfer,,0.00,0.00,0.00,non_deductible,AUTO: heuristic allocation; review GST/PST and category.
alloc-2025-ba5c600df0,tx-2025-cc-20251120-cb2521fa91,full,corporate,-1.11,0.00,0.00,office_expenses,8810,100.00,-1.11,0.00,standard,AUTO: heuristic allocation; review GST/PST and category.
alloc-2025-664313cfa7,tx-2025-cc-20251124-3f14172d28,full,corporate,-80.64,0.00,0.00,office_expenses,8810,100.00,-80.64,0.00,standard,AUTO: heuristic allocation; review GST/PST and category.
alloc-2025-d863ac08f8,tx-2025-cc-20251124-8711febb7d,full,corporate,-13.56,0.00,0.00,office_expenses,8810,100.00,-13.56,0.00,standard,AUTO: heuristic allocation; review GST/PST and category.
alloc-2025-77a0e662f4,tx-2025-cc-20251124-73131ee56a,full,corporate,-17.91,0.00,0.00,office_expenses,8810,100.00,-17.91,0.00,standard,AUTO: heuristic allocation; review GST/PST and category.
alloc-2025-1bdf0f64d4,tx-2025-cc-20251124-ac6428de65,full,corporate,-17.40,0.00,0.00,travel,9200,100.00,-17.40,0.00,standard,AUTO: heuristic allocation; review GST/PST and category.
alloc-2025-5ebe8dcef6,tx-2025-cc-20251201-27b19e57fe,full,corporate,-22.39,0.00,0.00,office_expenses,8810,100.00,-22.39,0.00,standard,AUTO: heuristic allocation; review GST/PST and category.
alloc-2025-57bd6ec394,tx-2025-cc-20251201-346aea02b9,full,corporate,-16.25,0.00,0.00,office_expenses,8810,100.00,-16.25,0.00,standard,AUTO: heuristic allocation; review GST/PST and category.
alloc-2025-f3c4ad9659,tx-2025-cc-20251201-476312b5c7,full,corporate,-55.95,0.00,0.00,office_expenses,8810,100.00,-55.95,0.00,standard,AUTO: heuristic allocation; review GST/PST and category.
alloc-2025-02c8de5b31,tx-2025-cc-20251201-01ba9c9642,full,corporate,-145.00,0.00,0.00,office_expenses,8810,100.00,-145.00,0.00,standard,AUTO: heuristic allocation; review GST/PST and category.
alloc-2025-9ecb972d42,tx-2025-cc-20251201-6675b945f7,full,corporate,-26.98,0.00,0.00,office_expenses,8810,100.00,-26.98,0.00,standard,AUTO: heuristic allocation; review GST/PST and category.
alloc-2025-71591c9c10,tx-2025-cc-20251202-505db76b7f,full,corporate,-23.54,0.00,0.00,office_expenses,8810,100.00,-23.54,0.00,standard,AUTO: heuristic allocation; review GST/PST and category.
alloc-2025-acdd94e9c4,tx-2025-cc-20251202-573e7ce5b7,full,corporate,-1.54,0.00,0.00,office_expenses,8810,100.00,-1.54,0.00,standard,AUTO: heuristic allocation; review GST/PST and category.
alloc-2025-c7595aa6a5,tx-2025-cc-20251202-d5a41fe285,full,corporate,-8.70,0.00,0.00,office_expenses,8810,100.00,-8.70,0.00,standard,AUTO: heuristic allocation; review GST/PST and category.
alloc-2025-9601467fbf,tx-2025-cc-20251202-b119ebcc38,full,corporate,-129.21,0.00,0.00,rental,8910,100.00,-129.21,0.00,standard,AUTO: heuristic allocation; review GST/PST and category.
alloc-2025-bc8422d400,tx-2025-cc-20251202-da1ba3765c,full,corporate,-133.28,0.00,0.00,office_expenses,8810,100.00,-133.28,0.00,standard,AUTO: heuristic allocation; review GST/PST and category.
alloc-2025-8be28941c3,tx-2025-cc-20251203-095967deda,full,corporate,-43.58,0.00,0.00,office_expenses,8810,100.00,-43.58,0.00,standard,AUTO: heuristic allocation; review GST/PST and category.
alloc-2025-99eb7908a1,tx-2025-cc-20251205-c19aa91655,full,corporate,-43.71,0.00,0.00,office_expenses,8810,100.00,-43.71,0.00,standard,AUTO: heuristic allocation; review GST/PST and category.
alloc-2025-2d9bd8aaa5,tx-2025-cc-20251208-7cca7ac88e,full,corporate,-19.41,0.00,0.00,office_expenses,8810,100.00,-19.41,0.00,standard,AUTO: heuristic allocation; review GST/PST and category.
alloc-2025-c864c4329a,tx-2025-cc-20251208-fe1594c8a7,full,corporate,-11.64,0.00,0.00,office_expenses,8810,100.00,-11.64,0.00,standard,AUTO: heuristic allocation; review GST/PST and category.
alloc-2025-726e000354,tx-2025-cc-20251208-b3b3d07589,full,corporate,-24.63,0.00,0.00,office_expenses,8810,100.00,-24.63,0.00,standard,AUTO: heuristic allocation; review GST/PST and category.
alloc-2025-e1b61a3f84,tx-2025-cc-20251208-1efa8f24af,full,corporate,-77.28,0.00,0.00,office_expenses,8810,100.00,-77.28,0.00,standard,AUTO: heuristic allocation; review GST/PST and category.
alloc-2025-25497f88aa,tx-2025-cc-20251208-3e2c62f343,full,corporate,-77.28,0.00,0.00,office_expenses,8810,100.00,-77.28,0.00,standard,AUTO: heuristic allocation; review GST/PST and category.
alloc-2025-dac1da7082,tx-2025-cc-20251208-1d3232b638,full,corporate,-64.37,0.00,0.00,office_expenses,8810,100.00,-64.37,0.00,standard,AUTO: heuristic allocation; review GST/PST and category.
alloc-2025-02e36ce5d7,tx-2025-cc-20251209-f6bc5507db,full,corporate,-96.19,0.00,0.00,office_expenses,8810,100.00,-96.19,0.00,standard,AUTO: heuristic allocation; review GST/PST and category.
alloc-2025-f6e60bb540,tx-2025-cc-20251209-550981a603,full,corporate,-307.39,0.00,0.00,telephone_utilities,9220,100.00,-307.39,0.00,standard,AUTO: heuristic allocation; review GST/PST and category.
alloc-2025-e985a1412c,tx-2025-cc-20251211-9bbbe7669e,full,corporate,-43.80,0.00,0.00,office_expenses,8810,100.00,-43.80,0.00,standard,AUTO: heuristic allocation; review GST/PST and category.
alloc-2025-2fa6700c59,tx-2025-cc-20251212-a506e3acac,full,corporate,-24.60,0.00,0.00,office_expenses,8810,100.00,-24.60,0.00,standard,AUTO: heuristic allocation; review GST/PST and category.
alloc-2025-7f700b30d0,tx-2025-cc-20251212-fd533b0f09,full,corporate,-14.55,0.00,0.00,office_expenses,8810,100.00,-14.55,0.00,standard,AUTO: heuristic allocation; review GST/PST and category.
alloc-2025-a13d2aa791,tx-2025-cc-20251212-51d1fceab6,full,corporate,-221.50,0.00,0.00,office_expenses,8810,100.00,-221.50,0.00,standard,AUTO: heuristic allocation; review GST/PST and category.
alloc-2025-e9b462db13,tx-2025-cc-20251215-a9711b9bcd,full,corporate,-15.72,0.00,0.00,office_expenses,8810,100.00,-15.72,0.00,standard,AUTO: heuristic allocation; review GST/PST and category.
alloc-2025-a74315ebcb,tx-2025-cc-20251215-27fd354014,full,corporate,-25.40,0.00,0.00,office_expenses,8810,100.00,-25.40,0.00,standard,AUTO: heuristic allocation; review GST/PST and category.
alloc-2025-877ee2502f,tx-2025-cc-20251216-d05425d7fb,full,corporate,-8.66,0.00,0.00,travel,9200,100.00,-8.66,0.00,standard,AUTO: heuristic allocation; review GST/PST and category.
alloc-2025-45c986b80d,tx-2025-cc-20251216-bb594f3d1a,full,corporate,-11.78,0.00,0.00,travel,9200,100.00,-11.78,0.00,standard,AUTO: heuristic allocation; review GST/PST and category.
alloc-2025-24540956b3,tx-2025-cc-20251216-542b435916,full,corporate,1647.41,0.00,0.00,balance_transfer,,0.00,0.00,0.00,non_deductible,AUTO: heuristic allocation; review GST/PST and category.
alloc-2025-59a2e034ff,tx-2025-cc-20251218-9bf2cd224c,full,corporate,-16.09,0.00,0.00,office_expenses,8810,100.00,-16.09,0.00,standard,AUTO: heuristic allocation; review GST/PST and category.
alloc-2025-613e12d4ad,tx-2025-cc-20251218-d8a5e425bb,full,corporate,-295.05,0.00,0.00,office_expenses,8810,100.00,-295.05,0.00,standard,AUTO: heuristic allocation; review GST/PST and category.
alloc-2025-eb790081f3,tx-2025-cc-20251222-c51b8a9e0f,full,corporate,-124.12,0.00,0.00,office_expenses,8810,100.00,-124.12,0.00,standard,AUTO: heuristic allocation; review GST/PST and category.
alloc-2025-c1af882ea5,tx-2025-cc-20251222-ba65a4e9bb,full,corporate,-1.11,0.00,0.00,office_expenses,8810,100.00,-1.11,0.00,standard,AUTO: heuristic allocation; review GST/PST and category.
alloc-2025-7b93869d02,tx-2025-cc-20251222-aa0ff1d2ad,full,corporate,-13.25,0.00,0.00,office_expenses,8810,100.00,-13.25,0.00,standard,AUTO: heuristic allocation; review GST/PST and category.
alloc-2025-ce44382b35,tx-2025-cc-20251223-37ee4100e4,full,corporate,-17.91,0.00,0.00,office_expenses,8810,100.00,-17.91,0.00,standard,AUTO: heuristic allocation; review GST/PST and category.
alloc-2025-5d10c4b825,tx-2025-cc-20251229-7b694483f6,full,corporate,-27.45,0.00,0.00,office_expenses,8810,100.00,-27.45,0.00,standard,AUTO: heuristic allocation; review GST/PST and category.
alloc-2025-c4197abbcd,tx-2025-cc-20251230-c4153ba828,full,corporate,-20.99,0.00,0.00,office_expenses,8810,100.00,-20.99,0.00,standard,AUTO: heuristic allocation; review GST/PST and category.
